id,AspectTerms,A_start,A_end,OpinionTerms,O_start,O_end,Categories,Polarities
1,价位,7,9,非常给力,9,13,价格,正面
1,客服,15,17,非常有耐心,18,23,服务,正面
2,_, , ,开不了机了,8,13,硬件&性能,负面
3,客服,9,11,不给解决,12,16,服务,负面
4,性能,2,4,强,4,5,硬件&性能,正面
4,玩游戏,6,9,不带卡,9,12,使用场景,正面
4,手感,16,18,很好,18,20,外观,正面
4,_, , ,很顺,21,23,硬件&性能,正面
5,屏显,0,2,真的差劲,2,6,硬件&性能,负面
6,外观,0,2,好看,2,4,外观,正面
6,画面,5,7,清晰,7,9,硬件&性能,正面
6,上网网速,10,14,快,14,15,硬件&性能,正面
7,性能,2,4,很满意,5,8,硬件&性能,正面
7,连上网络,8,12,不卡顿,12,15,使用场景,正面
7,_, , ,比较好,16,19,整体,正面
7,速度,20,22,快,23,24,硬件&性能,正面
7,显示效果,30,34,很不错,35,38,硬件&性能,正面
7,小礼品,54,57,_, , ,价格,正面
8,打lol,5,9,卡,10,11,使用场景,负面
8,_, , ,不怎么好,0,4,整体,负面
9,_, , ,挺薄的,2,5,外观,正面
9,性能,6,8,ok,9,11,硬件&性能,正面
9,开机,12,14,快,14,15,硬件&性能,正面
10,_, , ,轻薄,0,2,外观,正面
10,显示器,3,6,淡,9,10,硬件&性能,负面
10,速度,11,13,正常,13,15,硬件&性能,正面
10,_, , ,好评,16,18,整体,正面
11,_, , ,很薄,2,4,外观,正面
11,运行的速度,5,10,非常快,10,13,硬件&性能,正面
11,价格,14,16,合理,16,18,价格,正面
12,办公CAD,8,13,没法用,20,23,使用场景,负面
12,广联达,14,17,没法用,20,23,使用场景,负面
12,_, , ,太不适用了,30,35,整体,负面
13,性比价,2,5,非常高,5,8,价格,正面
13,玩游戏,9,12,一点也不卡,12,17,使用场景,正面
13,分辨率,18,21,很高,21,23,硬件&性能,正面
13,价格,24,26,合理,26,28,价格,正面
13,卖家服务态度,29,35,好,35,36,服务,正面
14,_, , ,超级棒,2,5,整体,正面
14,_, , ,特别好用,7,11,整体,正面
15,物流,0,2,快,2,3,物流,正面
15,办公,4,6,很好,6,8,使用场景,正面
15,_, , ,很喜欢,9,12,整体,正面
16,风扇,0,2,声音太大,2,6,硬件&性能,负面
17,_, , ,降价,5,7,价格,负面
17,_, , ,不能保价,12,16,价格,负面
18,_, , ,很棒,0,2,整体,正面
18,外观,3,5,超酷,7,9,外观,正面
18,_, , ,爱了,10,12,整体,正面
19,_, , ,不错,0,2,整体,正面
19,_, , ,好用,9,11,整体,正面
20,_, , ,非常好看,14,18,外观,正面
20,性能,19,21,还行,21,23,硬件&性能,正面
20,_, , ,还是很值的,28,33,价格,正面
21,_, , ,还没开好机,9,14,硬件&性能,负面
22,_, , ,充不了电,9,13,硬件&性能,负面
22,品质,18,20,真的服了,23,27,整体,负面
23,_, , ,还不错,0,3,整体,正面
24,_, , ,一点也不卡,11,16,硬件&性能,正面
24,_, , ,顺畅,17,19,硬件&性能,正面
25,键盘,6,8,很灵敏,8,11,硬件&性能,正面
25,玩游戏,14,17,非常好,17,20,使用场景,正面
26,配置,0,2,可以,2,4,硬件&性能,正面
26,外壳,14,16,较簿,16,18,外观,负面
26,外壳,14,16,廉价感十足,20,25,外观,负面
27,显示屏,0,3,用过,6,8,硬件&性能,负面
27,卖家服务,10,14,差,14,15,服务,负面
28,客服,44,46,爱理不理的,47,52,服务,负面
28,_, , ,降价,27,29,价格,负面
29,_, , ,不错,7,9,整体,正面
29,_, , ,很好,10,12,整体,正面
29,速度,13,15,很快,16,18,硬件&性能,正面
29,_, , ,不卡,19,21,硬件&性能,正面
30,_, , ,没有网线接口,5,11,硬件&性能,负面
31,_, , ,还不错,6,9,整体,正面
31,反应,10,12,快,12,13,硬件&性能,正面
31,存储空间,13,17,挺大的,17,20,硬件&性能,正面
31,价格,22,24,不贵,24,26,价格,正面
32,_, , ,又降价,19,22,价格,负面
33,_, , ,很重,10,12,外观,负面
34,_, , ,降价,7,9,价格,负面
34,退货,11,13,拖拖拉拉的,15,20,服务,负面
35,_, , ,非常棒,0,3,整体,正面
36,外观,5,7,完美,7,9,外观,正面
36,运行,11,13,很快,13,15,硬件&性能,正面
36,图像,16,18,很清晰,18,21,硬件&性能,正面
36,_, , ,好评,22,24,整体,正面
37,_, , ,这么好,12,15,整体,正面
37,运行,21,23,很快,23,25,硬件&性能,正面
37,内存,26,28,也够,28,30,硬件&性能,正面
37,_, , ,物美价廉,34,38,价格,正面
38,_, , ,挺满意的,1,5,整体,正面
38,价格,11,13,这么实惠,6,10,价格,正面
38,_, , ,没有失望,20,24,整体,正面
38,赠品,27,29,有,26,27,价格,正面
39,开机速度,5,9,快,9,10,硬件&性能,正面
39,外观材质,11,15,九成,16,18,外观,正面
39,_, , ,还行,20,22,整体,正面
39,价格,25,27,值,27,28,价格,正面
40,外观,16,18,精美,13,15,外观,正面
40,镜面,23,25,超级薄,19,22,外观,正面
40,网速,26,28,快,28,29,硬件&性能,正面
40,使用,29,31,得心应手,33,37,使用场景,正面
40,质量,38,40,真的好,40,43,整体,正面
40,价格,44,46,实惠,46,48,价格,正面
40,_, , ,很满意,48,51,整体,正面
41,_, , ,问了问题都不回答,5,13,服务,负面
42,材质,5,7,很好,7,9,外观,正面
42,_, , ,满意,11,13,整体,正面
42,质量,13,15,不错,15,17,整体,正面
42,画面,19,21,清晰,21,23,硬件&性能,正面
42,画面,19,21,流畅,25,27,硬件&性能,正面
42,整体效果,27,31,好,31,32,整体,正面
43,_, , ,特别好,2,5,整体,正面
43,上网,6,8,特别方便,9,13,使用场景,正面
44,_, , ,严重差评,0,4,整体,负面
44,_, , ,大大差评,5,9,整体,负面
45,外观,2,4,漂亮,4,6,外观,正面
45,手感,7,9,很有质感,9,13,外观,正面
45,内存,14,16,大,16,17,硬件&性能,正面
45,速度,17,19,快,19,20,硬件&性能,正面
45,价格,21,23,很实惠,23,26,价格,正面
45,发货物流,27,31,很快,31,33,物流,正面
45,_, , ,很满意,34,37,整体,正面
46,_, , ,不怎么好,4,8,整体,负面
46,游戏,9,11,玩不了,11,14,使用场景,负面
46,听个酷狗音乐,20,26,卡死,28,30,使用场景,负面
47,外观材质,0,4,挺好,5,7,外观,正面
48,外观,0,2,小巧精美,2,6,外观,正面
48,外观,0,2,超薄,7,9,外观,正面
48,运行速度,10,14,很快,14,16,硬件&性能,正面
48,性价比,17,20,很高,20,22,价格,正面
49,画质,5,7,一般,7,9,硬件&性能,中性
49,画质,5,7,有点卡白,9,13,硬件&性能,负面
49,用模拟器,14,18,很卡,18,20,使用场景,负面
49,_, , ,还行,23,25,整体,正面
50,_, , ,真的好,0,3,整体,正面
50,_, , ,正品,4,6,真伪,正面
50,客服小哥哥,7,12,很好,14,16,服务,正面
51,物流,0,2,很快,2,4,物流,正面
52,质量,0,2,挺好的,2,5,整体,正面
52,网速,6,8,很快,8,10,硬件&性能,正面
52,外观,11,13,漂亮,13,15,外观,正面
52,_, , ,便宜,20,22,价格,正面
53,质量,16,18,不错,18,20,整体,正面
53,外型,21,23,好看,23,25,外观,正面
53,价钱,26,28,实在,28,30,价格,正面
54,性能,0,2,很好,2,4,硬件&性能,正面
54,显卡效果,5,9,棒,9,10,硬件&性能,正面
54,网速,11,13,快,13,14,硬件&性能,正面
54,_, , ,不卡顿,14,17,硬件&性能,正面
54,外观,18,20,漂亮,20,22,外观,正面
54,_, , ,物美价廉,23,27,价格,正面
55,_, , ,很棒,0,2,整体,正面
55,_, , ,真不错,6,9,整体,正面
55,_, , ,好评,12,14,整体,正面
56,键盘,19,21,居然脱落了,21,26,硬件&性能,负面
56,发热,38,40,厉害,52,54,硬件&性能,负面
57,外形,2,4,还可以,4,7,外观,正面
57,_, , ,卡,32,33,整体,负面
58,_, , ,被别人用过,2,7,外观,负面
58,键盘,8,10,有指纹印,11,15,外观,负面
59,外观,0,2,很漂亮,2,5,外观,正面
60,运行速度,0,4,很流畅,4,7,硬件&性能,正面
60,办公,8,10,绝对没问题,10,15,使用场景,正面
61,材质,5,7,结实,7,9,外观,正面
61,_, , ,轻薄,10,12,外观,正面
61,携带,12,14,方便,14,16,外观,正面
61,运行速度,19,23,非常快,23,26,硬件&性能,正面
61,打游戏,28,31,不卡,32,34,使用场景,正面
61,打游戏,28,31,很喜欢,35,38,整体,正面
62,外观,14,16,精致,11,13,外观,正面
62,性能,20,22,很好,22,24,硬件&性能,正面
62,网速,28,30,非常流畅,30,34,硬件&性能,正面
63,_, , ,超级差,3,6,整体,负面
63,开机,11,13,特别慢,13,16,硬件&性能,负面
63,办公软件,17,21,安装不了,22,26,软件&性能,负面
63,客服,36,38,不能解决问题,40,46,服务,负面
64,_, , ,还不错,2,5,整体,正面
64,_, , ,十分满意,6,10,整体,正面
65,运行速度,0,4,快,4,5,硬件&性能,正面
65,外观,5,7,很好,7,9,外观,正面
65,游戏娱乐,9,13,不错,13,15,使用场景,正面
66,_, , ,特别满意,14,18,整体,正面
66,_, , ,好评,19,21,整体,正面
67,转动转轴,5,9,开始闪屏,10,14,硬件&性能,负面
68,_, , ,比较满意,2,6,整体,正面
68,玩穿越火线,6,11,一点都不卡,11,16,使用场景,正面
69,手感,0,2,很好,2,4,外观,正面
69,开机速度,5,9,很快,9,11,硬件&性能,正面
70,物流,0,2,很快,2,4,物流,正面
70,_, , ,还可以,9,12,整体,正面
71,接口,0,2,有问题,2,5,硬件&性能,负面
72,_, , ,不错,2,4,整体,负面
72,_, , ,降价,18,20,价格,负面
73,价格,2,4,低了不少,5,9,价格,正面
73,屏幕的分辨率,25,31,惨不忍睹,33,37,硬件&性能,负面
74,质量,0,2,挺好的,2,5,整体,正面
74,外观,6,8,挺好看,8,11,外观,正面
74,_, , ,不错,11,13,整体,正面
74,_, , ,挺满意的,13,17,整体,正面
75,_, , ,很舒服,2,5,整体,正面
76,散热,7,9,太差了,9,12,硬件&性能,负面
76,CPU,34,37,长期80℃,37,42,硬件&性能,负面
76,_, , ,卡得受不了,43,48,硬件&性能,负面
77,_, , ,卡死了,2,5,硬件&性能,负面
77,_, , ,反应不过来,6,11,硬件&性能,负面
77,_, , ,慢,12,13,硬件&性能,负面
77,声音,14,16,卡顿,16,18,硬件&性能,负面
77,声音,14,16,吱吱吱的,19,23,硬件&性能,负面
77,_, , ,不行,27,29,整体,负面
78,外观,16,18,不错,18,20,外观,正面
78,分辨率,23,26,不是很高,26,30,硬件&性能,负面
78,字体,37,39,不清晰,39,42,其他,负面
78,功能运行,45,49,较慢,49,51,硬件&性能,负面
79,外观,0,2,好看,2,4,外观,正面
79,运行,5,7,流畅,7,9,硬件&性能,正面
79,_, , ,很喜欢,11,14,整体,正面
80,外观,8,10,较新,10,12,外观,正面
80,办公,13,15,不卡,17,19,使用场景,正面
80,游戏,15,17,不卡,17,19,使用场景,正面
80,使用感,19,22,满意,22,24,使用场景,正面
81,_, , ,非常满意,6,10,整体,正面
82,_, , ,有点卡,11,14,硬件&性能,负面
82,_, , ,有爆音,17,20,硬件&性能,负面
82,音质,21,23,很不好,23,26,硬件&性能,负面
83,_, , ,坏的,4,6,整体,负面
83,_, , ,开不了机,11,15,硬件&性能,负面
83,服务态度,16,20,还可以,20,23,服务,正面
84,发货,0,2,快,2,3,物流,正面
84,服务,4,6,好,6,7,服务,正面
84,_, , ,很实用,24,27,整体,正面
84,_, , ,不卡,28,30,硬件&性能,正面
85,LOL,2,5,卡,6,7,使用场景,负面
86,_, , ,挺好的,2,5,整体,正面
86,质量,6,8,可以,8,10,整体,正面
86,_, , ,很满意,14,17,整体,正面
87,外观,2,4,很不错,4,7,外观,正面
87,_, , ,很方便携带,9,14,外观,正面
87,办公制图,19,23,_, , ,使用场景,正面
88,画面,6,8,清晰,8,10,硬件&性能,正面
88,运行速度,11,15,快,15,16,硬件&性能,正面
88,玩游戏,17,20,不卡,21,23,使用场景,正面
88,价格,24,26,不贵,26,28,价格,正面
89,_, , ,很惊艳,7,10,整体,正面
89,快递,11,13,不错,14,16,物流,正面
89,客服,32,34,很耐心,35,38,服务,正面
90,游戏,19,21,不能打,16,19,使用场景,负面
90,做表格,41,44,还可以,44,47,使用场景,正面
90,玩lol,32,36,有点卡,36,39,使用场景,负面
90,_, , ,一般般,11,14,整体,中性
91,_, , ,不错,2,4,整体,正面
91,速度,14,16,很快,17,19,硬件&性能,正面
92,_, , ,物美廉价,7,11,价格,正面
92,_, , ,五星,12,14,整体,正面
92,_, , ,是原厂的,2,6,真伪,正面
93,_, , ,很不错,0,3,整体,正面
94,_, , ,真心不错,7,11,整体,正面
94,外型,12,14,简单时尚,14,18,外观,正面
94,屏幕,19,21,清淅,21,23,硬件&性能,正面
94,反应,24,26,也快,26,28,硬件&性能,正面
95,_, , ,不推荐,9,12,整体,负面
96,性能,2,4,不错,4,6,硬件&性能,正面
96,玩游戏,7,10,很流畅,10,13,使用场景,正面
96,外观,14,16,漂亮大气,16,20,外观,正面
96,价格,21,23,美丽,25,27,价格,正面
96,_, , ,很满意,28,31,整体,正面
97,运行,5,7,流畅,7,9,硬件&性能,正面
97,游戏画面,19,23,好,23,24,硬件&性能,正面
97,运行,5,7,不卡顿,10,13,硬件&性能,正面
97,外观材质,25,29,无色差,32,35,外观,正面
97,性价比,41,44,高,44,45,价格,正面
98,_, , ,差评,0,2,整体,负面
98,_, , ,一个星都不想给,3,10,整体,负面
99,_, , ,没有损坏,2,6,整体,正面
99,_, , ,很喜欢,8,11,整体,正面
99,开机,12,14,非常快,14,17,硬件&性能,正面
99,服务态度,18,22,很好,23,25,服务,正面
99,_, , ,不错,28,30,整体,正面
100,分辨率,0,3,太低,3,5,硬件&性能,负面
100,_, , ,五星差评,10,14,整体,负面
101,运行,7,9,很快,9,11,硬件&性能,正面
101,打游戏,12,15,一点也不卡,15,20,使用场景,正面
101,质量,27,29,很好,29,31,整体,正面
101,外观,32,34,很薄,34,36,外观,正面
101,_, , ,很喜欢,37,40,整体,正面
102,外观,10,12,很大方,12,15,外观,正面
102,运行速度,16,20,也快,20,22,硬件&性能,正面
102,价格,23,25,不贵,26,28,价格,正面
102,_, , ,满意,29,31,整体,正面
103,_, , ,降价,4,6,价格,负面
103,_, , ,差评,29,31,整体,负面
104,_, , ,无法开机,0,4,硬件&性能,负面
105,包装,6,8,仔细完好无损,8,14,包装,正面
105,反应,17,19,灵敏,19,21,硬件&性能,正面
105,速度,26,28,非常快,28,31,硬件&性能,正面
105,内存,32,34,大,34,35,硬件&性能,正面
105,手感,36,38,好,38,39,外观,正面
105,_, , ,非常满意,40,44,整体,正面
105,价格,45,47,亲民,48,50,价格,正面
106,_, , ,很不错,21,24,整体,正面
106,_, , ,很有气质,27,31,外观,正面
107,_, , ,很好看,7,10,外观,正面
108,电池耐用度,21,26,一般,26,28,硬件&性能,中性
108,重量,29,31,有点偏重,31,35,外观,负面
109,_, , ,老出问题,9,13,整体,负面
109,_, , ,经常卡,35,38,硬件&性能,负面
110,_, , ,假货伪劣,11,15,真伪,负面
111,_, , ,会卡,6,8,硬件&性能,负面
111,_, , ,掉价,14,16,价格,负面
112,性能,8,10,非常不错,10,14,硬件&性能,正面
112,反应,15,17,灵敏快捷,17,21,硬件&性能,正面
112,_, , ,一点儿也不卡顿,22,29,硬件&性能,正面
112,外表,30,32,非常大气,35,39,外观,正面
112,质量,40,42,很好,42,44,整体,正面
112,做工,45,47,精细,47,49,外观,正面
113,质量,0,2,很不错,2,5,整体,正面
113,性价比,6,9,高,9,10,价格,正面
113,性能,11,13,强劲,13,15,硬件&性能,正面
113,外观,16,18,还不错,18,21,外观,正面
113,客服服务态度,22,28,很好,28,30,服务,正面
113,售后,31,33,有保障,33,36,服务,正面
114,_, , ,很好,4,6,整体,正面
114,外观设计,7,11,好看霸气,11,15,外观,正面
114,性能,18,20,非常好,21,24,硬件&性能,正面
114,运行,26,28,流畅,28,30,硬件&性能,正面
114,_, , ,一点都不卡,31,36,硬件&性能,正面
114,显示,39,41,非常高清,41,45,硬件&性能,正面
114,_, , ,很棒,46,48,整体,正面
115,_, , ,不行,2,4,整体,负面
116,_, , ,可以,2,4,整体,正面
116,_, , ,杠杠滴,6,9,整体,正面
116,性價比,10,13,很高,13,15,价格,正面
117,性能,2,4,挺好的,4,7,硬件&性能,正面
117,_, , ,超薄,8,10,外观,正面
117,_, , ,非常的漂亮,11,16,外观,正面
117,屏显分辨率,17,22,高,22,23,硬件&性能,正面
117,音质,24,26,快,32,33,硬件&性能,正面
117,运行速度,28,32,快,32,33,硬件&性能,正面
117,_, , ,非常的满意,34,39,整体,正面
118,_, , ,非常帅气,0,4,外观,正面
118,_, , ,很喜欢,5,8,整体,正面
118,性能,9,11,很不错,12,15,硬件&性能,正面
119,_, , ,卡顿,0,2,硬件&性能,负面
119,_, , ,秒卡顿,3,6,硬件&性能,负面
120,_, , ,很好用,0,3,整体,正面
120,_, , ,一点也不卡顿,4,10,硬件&性能,正面
120,_, , ,很流畅,11,14,硬件&性能,正面
121,_, , ,降价,15,17,价格,负面
121,_, , ,不怎么好,46,50,整体,负面
122,看电视,5,8,卡机,11,13,使用场景,负面
122,电池寿命,34,38,还可以,38,41,硬件&性能,正面
123,_, , ,一般,2,4,整体,中性
124,_, , ,好,12,13,整体,正面
124,外观,14,16,轻薄,16,18,外观,正面
124,_, , ,很轻巧,19,22,外观,正面
124,_, , ,便于携带,23,27,外观,正面
124,内存,28,30,大,30,31,硬件&性能,正面
124,画面,32,34,超清晰,34,37,硬件&性能,正面
124,玩游戏,38,41,很爽,41,43,使用场景,正面
124,_, , ,一点都不卡顿,44,50,硬件&性能,正面
125,包装,9,11,很好,11,13,包装,正面
125,包装,9,11,很严实,13,16,包装,正面
125,_, , ,很漂亮,19,22,外观,正面
125,_, , ,没问题,27,30,整体,正面
125,_, , ,非常满意,31,35,整体,正面
126,_, , ,不错,8,10,整体,正面
126,运行打天下3,27,33,完美运行,33,37,使用场景,正面
126,_, , ,没毛病,53,56,整体,正面
127,_, , ,蓝屏,7,9,硬件&性能,负面
128,画面,0,2,流畅清晰,2,6,硬件&性能,正面
128,价格,7,9,实惠,9,11,价格,正面
128,_, , ,非常满意,12,16,整体,正面
129,_, , ,还可以,0,3,整体,正面
129,_, , ,满意,6,8,整体,正面
130,材质,5,7,优良,7,9,外观,正面
130,运行速度,10,14,快,14,15,硬件&性能,正面
130,屏幕,16,18,清晰,18,20,硬件&性能,正面
130,_, , ,很满意,21,24,整体,正面
131,颜色,7,9,好看,9,11,外观,正面
131,运速,12,14,超快,14,16,硬件&性能,正面
131,打游戏,17,20,一点都不卡,20,25,使用场景,正面
131,屏幕,26,28,清晰,28,30,硬件&性能,正面
131,_, , ,这么好,37,40,整体,正面
131,_, , ,非常值,46,49,价格,正面
131,_, , ,满意,50,52,整体,正面
132,性能,2,4,挺流畅的,5,9,硬件&性能,正面
132,_, , ,不会卡顿,10,14,硬件&性能,正面
132,开机,15,17,很快,18,20,硬件&性能,正面
133,_, , ,还行,14,16,整体,正面
133,_, , ,挺快的,17,20,硬件&性能,正面
134,系统,3,5,非常流畅,5,9,软件&性能,正面
134,_, , ,顺滑,35,37,软件&性能,正面
134,_, , ,很喜欢,37,40,整体,正面
135,_, , ,有点卡,0,3,硬件&性能,负面
136,_, , ,很好用,0,3,整体,正面
137,包装,2,4,真心感觉不行,12,18,包装,负面
138,包装,6,8,很严实,8,11,包装,正面
138,包装,6,8,没有破损,11,15,包装,正面
138,_, , ,很薄,23,25,外观,正面
138,_, , ,喜欢,28,30,整体,正面
139,_, , ,好评,0,2,整体,正面
139,键盘,5,7,热点,7,9,硬件&性能,负面
140,_, , ,降价,12,14,价格,负面
141,散热,2,4,不太好,4,7,硬件&性能,负面
142,质量,0,2,不错,2,4,整体,正面
142,_, , ,非常好,5,8,整体,正面
142,整体,10,12,很满意,12,15,整体,正面
143,_, , ,还可以,2,5,整体,正面
143,_, , ,有点卡,8,11,硬件&性能,负面
144,质量,6,8,很好,8,10,整体,正面
144,使用,11,13,方便,13,15,使用场景,正面
144,_, , ,很满意,16,19,整体,正面
145,做工,0,2,很棒,2,4,外观,正面
145,性能,5,7,不错,8,10,硬件&性能,正面
145,工作使用,19,23,完全足够,23,27,使用场景,正面
146,手感,0,2,很好,2,4,外观,正面
146,外型,5,7,漂亮,8,10,外观,正面
146,_, , ,轻巧便于携带,11,17,外观,正面
146,物流速度,18,22,快,22,23,物流,正面
147,性能,7,9,不错,9,11,硬件&性能,正面
147,运行速度,12,16,很快,16,18,硬件&性能,正面
147,外观材质,19,23,特别的好,24,28,外观,正面
148,声音,0,2,不错,2,4,硬件&性能,正面
148,散热,9,11,不好,11,13,硬件&性能,负面
149,_, , ,很不错,0,3,整体,正面
149,反应,13,15,很快,15,17,硬件&性能,正面
149,_, , ,不卡顿,18,21,硬件&性能,正面
149,_, , ,很满意,24,27,整体,正面
150,质量,2,4,不怎么样,4,8,整体,负面
150,_, , ,坏了,19,21,整体,负面
151,_, , ,很好用,2,5,整体,正面
151,_, , ,高端,6,8,整体,正面
151,_, , ,大气,9,11,整体,正面
151,_, , ,上档次,12,15,整体,正面
151,_, , ,特别好用,16,20,整体,正面
151,_, , ,满足,34,36,整体,正面
151,价钱,25,27,物有所值,29,33,价格,正面
152,包装,4,6,好,6,7,包装,正面
152,物流,7,9,快,9,10,物流,正面
152,_, , ,很精致,10,13,外观,正面
152,玩游戏,13,16,很流畅,16,19,使用场景,正面
152,颜色,19,21,正,21,22,外观,正面
153,运行,2,4,挺快的,4,7,硬件&性能,正面
153,_, , ,一点也不卡,8,13,硬件&性能,正面
153,画面,14,16,清晰,16,18,硬件&性能,正面
153,大小,19,21,非常喜欢,21,25,外观,正面
153,_, , ,超溥,25,27,外观,正面
153,携带,27,29,方便,29,31,外观,正面
153,_, , ,十分满意,32,36,整体,正面
154,_, , ,很好看,2,5,外观,正面
154,_, , ,很好用,11,14,整体,正面
154,客服,15,17,很好,17,19,服务,正面
155,_, , ,一般般,2,5,整体,中性
155,服务,6,8,差,8,9,服务,负面
155,快递员服务态度,10,17,恶劣,17,19,服务,负面
156,_, , ,有点厚,0,3,外观,负面
156,服务,4,6,死气沉沉,6,10,服务,负面
157,运行速度,0,4,很快,4,6,硬件&性能,正面
157,屏幕,6,8,很清晰,8,11,硬件&性能,正面
157,视觉效果,12,16,很好,16,18,硬件&性能,正面
157,打游戏,19,22,一点都不卡,22,27,使用场景,正面
157,价格,28,30,很优惠,30,33,价格,正面
158,_, , ,还可以,0,3,整体,正面
158,箱子,18,20,大了很多,25,29,包装,负面
158,性能,30,32,没话说,32,35,硬件&性能,正面
159,运行速度,0,4,还可以,4,7,硬件&性能,正面
159,打游戏,8,11,没问题,11,14,使用场景,正面
159,屏幕,15,17,挺清晰的,18,22,硬件&性能,正面
159,性价比,27,30,挺高的,30,33,价格,正面
160,运行,5,7,不卡顿,9,12,硬件&性能,正面
160,运行,5,7,流畅,7,9,硬件&性能,正面
160,游戏画面,18,22,好,22,23,硬件&性能,正面
160,材质,29,31,不错,31,33,外观,正面
160,外观,33,35,很看,35,37,外观,正面
161,开机速度,0,4,非常快,4,7,硬件&性能,正面
161,手感,16,18,非常好,20,23,外观,正面
161,_, , ,很静音,24,27,硬件&性能,正面
161,性价比,33,36,很高,36,38,价格,正面
162,_, , ,很实惠,0,3,价格,正面
162,_, , ,很轻,4,6,外观,正面
162,速度,7,9,很快,9,11,硬件&性能,正面
163,_, , ,卡的要死,4,8,硬件&性能,负面
164,质量,0,2,很好,2,4,整体,正面
164,屏幕,5,7,清晰,7,9,硬件&性能,正面
164,_, , ,不卡顿,10,13,硬件&性能,正面
164,_, , ,非常给力,14,18,整体,正面
164,_, , ,满意,19,21,整体,正面
165,成色,2,4,挺新的,4,7,外观,正面
165,开机,8,10,挺快,10,12,硬件&性能,正面
165,_, , ,还可以,15,18,整体,正面
165,看视频,19,22,挺流畅的,26,30,使用场景,正面
165,上个网,23,26,挺流畅的,26,30,使用场景,正面
165,价格,39,41,实惠,41,43,价格,正面
166,_, , ,降价,7,9,价格,负面
167,_, , ,很棒棒,0,3,整体,正面
167,_, , ,超赞,32,34,整体,正面
167,_, , ,很喜欢,12,15,整体,正面
167,物流速度,35,39,很快,40,42,物流,正面
168,_, , ,很不错,6,9,整体,正面
168,外观,9,11,好看精致,11,15,外观,正面
168,打游戏速度,16,21,挺快,21,23,使用场景,正面
168,_, , ,一点也不卡,23,28,硬件&性能,正面
169,_, , ,非常高端,0,4,外观,正面
169,_, , ,精致,8,10,外观,正面
169,开机速度,11,15,非常快,15,18,硬件&性能,正面
169,客服服务,19,23,耐心,23,25,服务,正面
170,_, , ,非常nice,0,6,整体,正面
171,_, , ,死机,6,8,硬件&性能,负面
172,外观设计,0,4,漂亮,4,6,外观,正面
172,_, , ,流畅不卡,7,11,硬件&性能,正面
173,性能,0,2,非常好,2,5,硬件&性能,正面
173,玩什么游戏,11,16,不卡,17,19,使用场景,正面
174,性能,0,2,强,2,3,硬件&性能,正面
174,外观,4,6,美观大方,6,10,外观,正面
174,_, , ,划算,14,16,价格,正面
174,_, , ,很满意,19,22,整体,正面
175,_, , ,好漂亮,0,3,外观,正面
176,_, , ,挺好的,0,3,整体,正面
176,开机,4,6,挺快,6,8,硬件&性能,正面
176,_, , ,没有网线接口,11,17,硬件&性能,负面
176,_, , ,只能接WIFI,18,25,硬件&性能,负面
176,鼠标,29,31,_, , ,硬件&性能,负面
177,_, , ,不咋滴,0,3,整体,负面
178,外观,0,2,九成新,2,5,外观,正面
178,开机速度,6,10,快,10,11,硬件&性能,正面
178,_, , ,很顺畅,15,18,硬件&性能,正面
178,待机时间,19,23,长,23,24,硬件&性能,正面
178,_, , ,很棒,25,27,整体,正面
179,_, , ,很轻薄,0,3,外观,正面
179,速度,3,5,很快,6,8,硬件&性能,正面
179,发货速度,9,13,也快,13,15,物流,正面
180,外观,6,8,精致好看,8,12,外观,正面
180,性能,13,15,强,15,16,硬件&性能,正面
180,_, , ,高清大屏 幕,17,23,硬件&性能,正面
180,_, , ,轻薄便携,24,28,外观,正面
180,_, , ,经济实用,30,34,价格,正面
181,质量,5,7,好,7,8,整体,正面
181,网数,9,11,快,11,12,硬件&性能,正面
181,屏幕,13,15,清晰,15,17,硬件&性能,正面
182,运行,4,6,很快,6,8,硬件&性能,正面
182,玩游戏,9,12,太好了,12,15,使用场景,正面
183,_, , ,不错,0,2,整体,正面
183,WINDOWS10,9,18,有点不习惯,19,24,软件&性能,负面
184,内存条,19,22,不一样,27,30,硬件&性能,负面
184,显示器,23,26,不一样,27,30,硬件&性能,负面
184,_, , ,差评,3,5,整体,负面
184,_, , ,有问题,11,14,整体,负面
185,_, , ,非常的漂亮,5,10,外观,正面
185,_, , ,超薄款,11,14,外观,正面
185,款式,20,22,喜欢,17,19,外观,正面
185,_, , ,很流畅,27,30,硬件&性能,正面
185,_, , ,非常喜欢,31,35,整体,正面
186,质量,2,4,很好,4,6,整体,正面
186,开机速度,7,11,快,11,12,硬件&性能,正面
187,鼠标,3,5,坏了,11,13,硬件&性能,负面
188,质量,5,7,好,7,8,整体,正面
188,价格,9,11,实惠,11,13,价格,正面
188,网速,14,16,快,16,17,硬件&性能,正面
188,携带,18,20,方便,20,22,外观,正面
188,_, , ,满意,23,25,整体,正面
188,_, , ,好评,25,27,整体,正面
189,_, , ,中评,4,6,整体,中性
189,系统,25,27,还算流畅,28,32,软件&性能,正面
189,客服,33,35,还可以,35,38,服务,正面
189,快递,39,41,五星好评,42,46,物流,正面
190,_, , ,不是很好,0,4,整体,负面
190,_, , ,特别卡,11,14,硬件&性能,负面
190,_, , ,卡成狗,19,22,硬件&性能,负面
191,_, , ,不错,11,13,整体,正面
191,_, , ,很好,13,15,整体,正面
191,_, , ,很方便,17,20,整体,正面
191,性价比,21,24,很高,24,26,价格,正面
192,质量,0,2,不错,2,4,整体,正面
192,客服,5,7,很耐心,9,12,服务,正面
192,包装,13,15,无破损,15,18,包装,正面
193,质量,0,2,好,2,3,整体,正面
193,包装,4,6,严实,6,8,包装,正面
193,画面,9,11,清晰,11,13,硬件&性能,正面
194,质量,5,7,很好,7,9,整体,正面
194,_, , ,非常实用,10,14,整体,正面
195,性价比,2,5,太差,5,7,价格,负面
195,软件,26,28,安装不上,29,33,使用场景,负面
196,_, , ,掉价,15,17,价格,负面
197,开机,38,40,开不了,41,44,硬件&性能,负面
197,_, , ,差评,0,2,整体,负面
198,_, , ,很好,2,4,整体,正面
198,_, , ,非常喜欢,6,10,整体,正面
198,客服,11,13,很热心,13,16,服务,正面
198,客服,11,13,很细心,16,19,服务,正面
199,_, , ,降价,10,12,价格,负面
199,质量,28,30,一般,30,32,整体,中性
200,系统,0,2,流畅,2,4,软件&性能,正面
200,_, , ,挺喜欢的,5,9,整体,正面
201,软件字体,8,12,模糊,12,14,使用场景,负面
201,客服态度,15,19,辣鸡,19,21,服务,负面
201,_, , ,垃圾的要命,2,7,整体,负面
202,_, , ,很好用,2,5,整体,正面
202,外观,6,8,大气,8,10,外观,正面
202,运行速度,11,15,快,15,16,硬件&性能,正面
202,_, , ,超值,17,19,价格,正面
203,反应,0,2,好慢,2,4,硬件&性能,负面
203,屏幕,11,13,出格,14,16,硬件&性能,负面
203,_, , ,真的不行,6,10,整体,负面
204,赠品,17,19,没有,15,17,价格,负面
205,售后,2,4,真的是让人无语,4,11,服务,负面
206,质量,3,5,可靠,5,7,整体,正面
206,运行速度,8,12,很快,12,14,硬件&性能,正面
206,外观,15,17,完好,17,19,外观,正面
206,价格,20,22,实惠,22,24,价格,正面
207,_, , ,nice,0,4,整体,正面
208,质量,16,18,不敢恭维,20,24,整体,负面
209,_, , ,很不错,19,22,整体,正面
209,_, , ,顺畅,23,25,硬件&性能,正面
209,外观,26,28,很漂亮,28,31,外观,正面
209,价格,32,34,很美丽,34,37,价格,正面
210,声音,25,27,挺大的,28,31,硬件&性能,负面
210,_, , ,很一般,21,24,整体,中性
211,物流,12,14,挺慢的,14,17,物流,负面
211,音质,18,20,不太要,28,31,硬件&性能,负面
211,_, , ,有沙沙的声音,34,40,硬件&性能,负面
212,_, , ,很烫,4,6,硬件&性能,负面
213,包装,0,2,很严实,3,6,包装,正面
213,质量,7,9,还可以,9,12,整体,正面
213,_, , ,挺方便携带,14,19,外观,正面
214,_, , ,很流畅,8,11,硬件&性能,正面
214,_, , ,很喜欢,14,17,整体,正面
214,_, , ,价廉物美,18,22,价格,正面
214,_, , ,超值,23,25,价格,正面
215,鼠标,6,8,没有,15,17,硬件&性能,负面
215,鼠标垫,8,11,没有,15,17,包装,负面
215,电脑包,11,14,没有,15,17,包装,负面
216,性价比,6,9,很高,9,11,价格,正面
216,性能,12,14,好,14,15,硬件&性能,正面
216,玩游戏,16,19,可以,22,24,使用场景,正面
216,办公,19,21,可以,22,24,使用场景,正面
216,_, , ,很值,25,27,价格,正面
217,_, , ,不卡,0,2,硬件&性能,正面
217,运行,3,5,很流畅,5,8,硬件&性能,正面
217,音质,9,11,很不错,12,15,硬件&性能,正面
218,包,18,19,没有,20,22,包装,负面
219,_, , ,到的很快,3,7,物流,正面
219,物流,8,10,很给力,11,14,物流,正面
219,_, , ,不卡,18,20,硬件&性能,正面
219,上网速度,21,25,很快,25,27,使用场景,正面
219,小礼品,31,34,_, , ,价格,正面
220,开机,8,10,很快,14,16,硬件&性能,正面
220,显卡,21,23,不错,27,29,硬件&性能,正面
220,CPU,23,26,不错,27,29,硬件&性能,正面
221,_, , ,是正品,6,9,真伪,正面
221,运行速度,15,19,快,19,20,硬件&性能,正面
221,外观,10,12,好看,12,14,外观,正面
222,外观材质,0,4,不错,5,7,外观,正面
223,_, , ,挺好的,0,3,整体,正面
223,运行速度,4,8,不错,8,10,硬件&性能,正面
223,画面质感,14,18,很好,19,21,硬件&性能,正面
223,_, , ,很满意,22,25,整体,正面
224,价格,0,2,实惠,2,4,价格,正面
224,运行速度,5,9,快,9,10,硬件&性能,正面
224,_, , ,满意,11,13,整体,正面
225,质量,2,4,很好,4,6,整体,正面
225,_, , ,非常喜欢,8,12,整体,正面
226,外型,7,9,很酷,9,11,外观,正面
226,物流,20,22,也快,22,24,物流,正面
227,摄影后期处理,13,19,刚好用,19,22,使用场景,正面
227,_, , ,轻巧便携,23,27,外观,正面
227,屏幕,38,40,清晰,40,42,硬件&性能,正面
227,_, , ,好评,51,53,整体,正面
228,_, , ,还可以,0,3,整体,正面
228,_, , ,是正品,14,17,真伪,正面
229,质量,6,8,杠杠的好,8,12,整体,正面
229,安装,13,15,很方便,17,20,其他,正面
229,_, , ,一点也复杂,21,26,其他,正面
229,使用,27,29,特别棒,31,34,使用场景,正面
229,_, , ,很满意,35,38,整体,正面
230,_, , ,好用,0,2,整体,正面
230,性价比,3,6,最高,8,10,价格,正面
231,外观,0,2,很时尚,2,5,外观,正面
232,发货,0,2,很及时,2,5,物流,正面
232,_, , ,很好用,8,11,整体,正面
233,_, , ,还不错,2,5,整体,正面
233,_, , ,好评,8,10,整体,正面
234,_, , ,超薄,0,2,外观,正面
234,_, , ,特别方便,7,11,外观,正面
234,外观,12,14,小巧好看,14,18,外观,正面
234,_, , ,不卡,22,24,硬件&性能,正面
234,_, , ,很不错,25,28,整体,正面
235,客服,0,2,很冷漠,2,5,服务,负面
236,_, , ,非常好,7,10,整体,正面
236,速度,11,13,流畅,13,15,硬件&性能,正面
236,质感,16,18,很好,18,20,外观,正面
237,性价比,6,9,很高,9,11,价格,正面
238,外观,0,2,轻巧超薄,2,6,外观,正面
238,外观,0,2,时尚大方,7,11,外观,正面
238,携带,12,14,方便,14,16,外观,正面
238,上网速度,17,21,快,21,22,使用场景,正面
238,_, , ,不卡机,23,26,硬件&性能,正面
239,_, , ,非常好,0,3,整体,正面
239,_, , ,薄,13,14,外观,正面
239,性价比,17,20,没的说,20,23,价格,正面
239,_, , ,好评,24,26,整体,正面
240,_, , ,太棒了,10,13,整体,正面
240,办公,14,16,特别666,18,23,使用场景,正面
240,上网,16,18,特别666,18,23,使用场景,正面
240,外观,27,29,特别简洁时尚,30,36,外观,正面
240,_, , ,太值了,41,44,价格,正面
241,wps,16,19,是卡的,21,24,软件&性能,负面
242,_, , ,很棒,7,9,整体,正面
242,性价比,10,13,很高,13,15,价格,正面
243,_, , ,机都开不了,18,23,硬件&性能,负面
243,_, , ,卡成狗,39,42,硬件&性能,负面
243,_, , ,自动关机,49,53,硬件&性能,负面
244,_, , ,很不错,2,5,整体,正面
244,_, , ,没有感觉太热,28,34,硬件&性能,正面
245,性价比,0,3,非常高,3,6,价格,正面
245,颜值,12,14,很好,18,20,外观,正面
245,配置,15,17,很好,18,20,硬件&性能,正面
245,_, , ,很满意,29,32,整体,正面
246,内存,6,8,大,8,9,硬件&性能,正面
246,运行,10,12,很流畅,12,15,硬件&性能,正面
246,显示,16,18,清晰,18,20,硬件&性能,正面
246,_, , ,非常满意,21,25,整体,正面
247,_, , ,好,5,6,整体,正面
247,_, , ,快到特爽,14,18,硬件&性能,正面
248,_, , ,很满意,3,6,整体,正面
248,_, , ,很不错,6,9,整体,正面
248,玩游戏,10,13,一点也不卡顿,13,19,使用场景,正面
248,操作,19,21,流畅,21,23,使用场景,正面
248,款式,23,25,很好看,26,29,外观,正面
248,_, , ,薄款,30,32,外观,正面
248,携带,33,35,方便,36,38,外观,正面
248,_, , ,很喜欢,40,43,整体,正面
248,性价比,43,46,挺高的,46,49,价格,正面
249,_, , ,不卡,4,6,硬件&性能,正面
249,快递,7,9,挺快的,10,13,物流,正面
249,_, , ,舒服,16,18,外观,正面
249,_, , ,挺喜欢的,19,23,整体,正面
250,_, , ,可以,13,15,整体,正面
251,_, , ,挺不错,2,5,整体,正面
252,外观,0,2,很好看,2,5,外观,正面
252,运行,17,19,很流畅,20,23,硬件&性能,正面
252,_, , ,非常轻薄,8,12,外观,正面
252,_, , ,便于携带,12,16,外观,正面
253,指纹解锁,8,12,失灵,13,15,硬件&性能,负面
253,系统,21,23,进不了,18,21,软件&性能,负面
254,电池续航能力,0,6,极差,6,8,硬件&性能,负面
254,散热,25,27,不好,28,30,硬件&性能,负面
255,性价比,10,13,高,13,14,价格,正面
255,_, , ,喜欢,15,17,整体,正面
256,_, , ,没啥太多问题,13,19,整体,正面
257,性价比,4,7,极差,7,9,价格,负面
257,_, , ,降价,26,28,价格,负面
258,运行,10,12,流畅,12,14,硬件&性能,正面
258,外观设计,15,19,很喜欢,19,22,外观,正面
258,性能,23,25,很ok,26,29,硬件&性能,正面
258,_, , ,满意,38,40,整体,正面
259,_, , ,很好,2,4,整体,正面
259,电池,5,7,很耐用,7,10,硬件&性能,正面
259,打游戏,11,14,满足了,21,24,使用场景,正面
259,_, , ,非常棒,25,28,整体,正面
260,_, , ,很好,0,2,整体,正面
260,_, , ,一点都不卡顿,17,23,硬件&性能,正面
260,_, , ,很好用,24,27,整体,正面
261,外形,3,5,美观精致,5,9,外观,正面
261,开机速度,10,14,快,14,15,硬件&性能,正面
261,反应,16,18,灵敏,18,20,硬件&性能,正面
261,运行,21,23,流畅,23,25,硬件&性能,正面
261,_, , ,一点都不卡,26,31,硬件&性能,正面
261,_, , ,非常满意,32,36,整体,正面
262,_, , ,不怎么满意,10,15,整体,负面
263,外观,11,13,不错,13,15,外观,正面
263,_, , ,轻薄好看,15,19,外观,正面
263,平面,20,22,很清晰,22,25,硬件&性能,正面
263,_, , ,很流畅,29,32,硬件&性能,正面
263,_, , ,很满意,41,44,整体,正面
264,表格,4,6,会卡死,7,10,使用场景,负面
265,颜值,20,22,不低,22,24,外观,正面
265,手感,30,32,还好,33,35,外观,正面
266,颜值,2,4,很高,4,6,外观,正面
266,_, , ,不能开机,21,25,整体,负面
267,网速,2,4,很快,4,6,硬件&性能,正面
267,做工,6,8,精细,8,10,外观,正面
267,质量,21,23,很好,23,25,整体,正面
267,外观材质,25,29,不错,29,31,外观,正面
267,颜色,31,33,没色差,33,36,外观,正面
267,_, , ,很满意,41,44,整体,正面
268,_, , ,差评,28,30,整体,负面
269,显示,0,2,不明显,2,5,硬件&性能,负面
269,显示,0,2,不怎么好,5,9,硬件&性能,负面
270,性能,29,31,很好,31,33,硬件&性能,正面
270,_, , ,很精致,36,39,外观,正面
270,出门,40,42,方便多了,46,50,使用场景,正面
271,外观,6,8,很漂亮,8,11,外观,正面
271,厚薄度,12,15,正好,15,17,外观,正面
271,性价比,24,27,较高,27,29,价格,正面
271,_, , ,便于携带,17,21,外观,正面
271,内存,30,32,大,32,33,硬件&性能,正面
271,玩游戏,33,36,一点都不卡,36,41,使用场景,正面
271,屏幕,42,44,很清晰,44,47,硬件&性能,正面
271,音质,48,50,非常好,50,53,硬件&性能,正面
271,_, , ,非常喜欢,54,58,整体,正面
272,_, , ,不错,4,6,整体,正面
272,入手价格,12,16,有点坑,9,12,价格,负面
273,风扇声音,0,4,特别大,4,7,硬件&性能,负面
273,存电性能,8,12,不好,12,14,硬件&性能,负面
274,声音,2,4,没有,0,2,硬件&性能,正面
275,性能,2,4,还可以,4,7,硬件&性能,正面
275,性价比,30,33,比较高,35,38,价格,正面
276,_, , ,流畅不卡,11,15,硬件&性能,正面
277,性价比,0,3,很高,3,5,价格,正面
277,_, , ,不错,14,16,整体,正面
277,打游戏,17,20,很流畅,21,24,使用场景,正面
277,画质,25,27,挺高清,27,30,硬件&性能,正面
278,包装,5,7,仔细,7,9,包装,正面
278,外观,10,12,时尚大气,12,16,外观,正面
278,运行,17,19,流畅,19,21,硬件&性能,正面
278,运行,17,19,不卡奈,21,24,硬件&性能,正面
278,画质颜色,25,29,漂亮,29,31,硬件&性能,正面
278,像素,31,33,饱满,33,35,硬件&性能,正面
278,待机时间,36,40,很长,40,42,硬件&性能,正面
278,价格,47,49,很亲民,50,53,价格,正面
278,_, , ,很好,54,56,整体,正面
279,_, , ,降价,16,18,价格,负面
279,屏幕边框,26,30,有点宽,30,33,外观,负面
279,_, , ,触电,39,41,其他,负面
280,开机,13,15,滋滋的声音,21,26,硬件&性能,负面
281,外观材质,0,4,好,5,6,外观,正面
281,外观材质,0,4,满意,7,9,外观,正面
281,画面,15,17,也爽,17,19,硬件&性能,正面
282,视频,17,19,卡,20,21,使用场景,负面
282,_, , ,真的好卡,2,6,硬件&性能,负面
283,携带,6,8,方便,8,10,外观,正面
283,_, , ,物美价廉,11,15,价格,正面
283,视频,16,18,清晰,18,20,使用场景,正面
283,游戏,21,23,通畅不卡,23,27,使用场景,正面
284,反应,6,8,一般,8,10,硬件&性能,负面
284,光驱,24,26,没有,26,28,硬件&性能,负面
285,_, , ,差评,16,18,整体,负面
286,外观,0,2,好看,2,4,外观,正面
286,_, , ,超薄型,4,7,外观,正面
286,_, , ,方便携带,8,12,外观,正面
286,_, , ,蛮好的,20,23,整体,正面
286,系统,24,26,流畅,26,28,软件&性能,正面
286,_, , ,好评,28,30,整体,正面
287,触摸板,0,3,不能用,3,6,硬件&性能,负面
287,驱动,7,9,不正确,9,12,硬件&性能,负面
288,质量,0,2,太差了,3,6,整体,负面
288,屏幕,10,12,花屏,16,18,硬件&性能,负面
289,系统,7,9,没有激活,9,13,软件&性能,负面
290,做工,2,4,不咋的,4,7,外观,负面
290,显卡,8,10,噪音较大,13,17,硬件&性能,负面
291,_, , ,有杂音,1,4,硬件&性能,负面
292,_, , ,漏发,2,4,物流,负面
292,客服态度,6,10,超差,11,13,服务,负面
293,外包装,6,9,非常完整,9,13,包装,正面
293,速度,16,18,非常快,18,21,硬件&性能,正面
293,内存,22,24,非常大,24,27,硬件&性能,正面
293,_, , ,非常好用,31,35,整体,正面
294,logo,5,9,有点low,9,14,外观,负面
294,运行,56,58,很满意,58,61,硬件&性能,正面
294,_, , ,一点都不卡顿,36,42,硬件&性能,正面
295,_, , ,不支持保价,17,22,价格,负面
296,office办公软件,15,25,不是免费的,26,31,软件&性能,负面
296,_, , ,差评,40,42,整体,负面
297,性能,2,4,很好,4,6,硬件&性能,正面
297,显卡效果,7,11,满意,11,13,硬件&性能,正面
298,性价比,13,16,比较高,16,19,价格,正面
298,价格,21,23,便宜,24,26,价格,正面
298,_, , ,好用,27,29,整体,正面
299,_, , ,很舒服,3,6,整体,正面
300,_, , ,很好用,8,11,整体,正面
300,颜色,11,13,正,13,14,外观,正面
300,键盘,14,16,很顺滑,19,22,硬件&性能,正面
300,鼠标,16,18,很顺滑,19,22,硬件&性能,正面
300,反应,22,24,快,24,25,硬件&性能,正面
300,_, , ,很喜欢,25,28,整体,正面
301,功能,5,7,正常,7,9,整体,正面
301,运行,10,12,很畅快,12,15,硬件&性能,正面
301,_, , ,特舒服,16,19,整体,正面
301,大小,20,22,合适,22,24,外观,正面
302,包装,0,2,挺好,2,4,包装,正面
302,包装,0,2,没损坏,5,8,包装,正面
302,_, , ,小小的,9,12,外观,正面
302,_, , ,便于携带,12,16,外观,正面
302,屏幕,17,19,清晰,19,21,硬件&性能,正面
302,反应,22,24,灵敏,24,26,硬件&性能,正面
302,运行,27,29,流畅,29,31,硬件&性能,正面
302,打游戏,35,38,特爽,38,40,使用场景,正面
302,_, , ,好评,43,45,整体,正面
303,成色,2,4,很新,4,6,外观,正面
303,上网速度,7,11,快,11,12,硬件&性能,正面
303,_, , ,挺好用,13,16,整体,正面
304,质量,0,2,非常的好,2,6,整体,正面
304,运行速度,7,11,很快,11,13,硬件&性能,正面
304,价格,16,18,很划算,18,21,价格,正面
305,_, , ,还行,2,4,整体,正面
305,win10系统,10,17,恶心,17,19,软件&性能,负面
305,价格,23,25,浮动太大,25,29,价格,负面
305,价格,23,25,让人不太舒服,30,36,价格,负面
306,_, , ,还行,0,2,整体,正面
306,_, , ,满意,4,6,整体,正面
307,质量,5,7,不错,7,9,整体,正面
307,运行,10,12,很快,12,14,硬件&性能,正面
307,运行,10,12,给力,14,16,硬件&性能,正面
307,_, , ,好评,28,30,整体,正面
308,键盘背光,0,4,不错,4,6,硬件&性能,正面
308,声音,7,9,很好,10,12,硬件&性能,正面
309,_, , ,什么质量,0,4,整体,负面
309,_, , ,开不了机了,11,16,硬件&性能,负面
310,_, , ,很好,2,4,整体,正面
310,反应速度,5,9,快,9,10,硬件&性能,正面
310,字体,11,13,清晰,13,15,硬件&性能,正面
311,物流,5,7,很快,7,9,物流,正面
311,质量,10,12,很好,12,14,整体,正面
311,_, , ,很轻薄,14,17,外观,正面
311,携带,17,19,方便,19,21,外观,正面
312,物流,0,2,快,2,3,物流,正面
312,服务,4,6,周到,6,8,服务,正面
313,_, , ,超赞,3,5,整体,正面
313,_, , ,太棒了,6,9,整体,正面
313,_, , ,物超所值,11,15,价格,正面
314,_, , ,没有破损,5,9,物流,正面
314,外观,10,12,精致,12,14,外观,正面
314,运行速度,15,19,快,19,20,硬件&性能,正面
314,反应,21,23,灵敏,23,25,硬件&性能,正面
314,屏幕,26,28,清晰,28,30,硬件&性能,正面
314,_, , ,很满意,31,34,整体,正面
315,质量,0,2,真不咋滴,2,6,整体,负面
315,_, , ,卡 ,7,9,硬件&性能,负面
316,_, , ,太棒了,0,3,整体,正面
316,_, , ,很方便,11,14,整体,正面
317,快递,0,2,挺快,2,4,物流,正面
317,发货速度,7,11,不敢恭维,11,15,物流,负面
317,_, , ,还不错,59,62,整体,正面
318,_, , ,一般般,0,3,整体,中性
318,_, , ,塑料的,11,14,外观,负面
318,_, , ,不好看,15,18,外观,负面
318,键盘,19,21,不会发光,22,26,硬件&性能,负面
319,做工,0,2,粗糙,2,4,其他,负面
319,_, , ,到处都是缝,5,10,外观,负面
319,电池耗电量,11,16,快,16,17,硬件&性能,负面
319,看视频,28,31,闪退,33,35,使用场景,负面
320,_, , ,超级好用,6,10,整体,正面
320,_, , ,不卡顿,13,16,硬件&性能,正面
320,玩游戏,17,20,很流畅,20,23,使用场景,正面
320,尺寸,24,26,很合我意,27,31,外观,正面
320,_, , ,喜欢,32,34,整体,正面
321,指纹解锁,3,7,找不到,10,13,硬件&性能,负面
322,系统,6,8,流畅不卡顿,8,13,软件&性能,正面
322,外观,14,16,精致轻薄,16,20,外观,正面
323,_, , ,卡,3,4,硬件&性能,负面
324,_, , ,总是有杂音,0,5,硬件&性能,负面
325,_, , ,不好看,0,3,外观,负面
325,_, , ,不好用,4,7,整体,负面
325,_, , ,笨重,8,10,外观,负面
325,_, , ,粗糙,10,12,外观,负面
326,_, , ,超级好用,0,4,整体,正面
327,_, , ,物美价廉,0,4,价格,正面
327,_, , ,很好用,5,8,整体,正面
327,_, , ,不卡,10,12,硬件&性能,正面
327,质量,13,15,很好,15,17,整体,正面
327,包装,18,20,好,20,21,包装,正面
327,外观,22,24,漂亮,24,26,外观,正面
328,运行速度,0,4,挺块的,4,7,硬件&性能,正面
328,外观,8,10,很还新,10,13,外观,正面
328,_, , ,好评,14,16,整体,正面
329,_, , ,很好,45,47,整体,正面
329,_, , ,非常满意,47,51,整体,正面
330,包装,0,2,很好,2,4,包装,正面
330,质量,5,7,不错,7,9,整体,正面
330,画面,10,12,清晰,12,14,硬件&性能,正面
330,_, , ,不卡顿,15,18,硬件&性能,正面
330,外观设计,19,23,新颖,23,25,外观,正面
331,系统,6,8,太不好用了,8,13,软件&性能,负面
332,_, , ,总是出秒杀价,2,8,价格,负面
333,_, , ,卡到你烦躁,14,19,硬件&性能,负面
334,_, , ,垃圾,0,2,整体,负面
334,玩游戏,3,6,卡,7,8,使用场景,负面
335,显卡效果,0,4,很好,4,6,硬件&性能,正面
335,材质,11,13,挺不错的,17,21,外观,正面
336,售后服务,5,9,不怎么样,9,13,服务,负面
336,售后服务,5,9,老是敷衍了事,14,20,服务,负面
337,_, , ,很好,2,4,整体,正面
337,内存,5,7,超大,7,9,硬件&性能,正面
337,开机时间,10,14,短,15,16,硬件&性能,正面
337,_, , ,大赞,17,19,整体,正面
338,外观,0,2,简约,2,4,外观,正面
338,开机速度,6,10,也快,10,12,硬件&性能,正面
339,_, , ,非常好,0,3,整体,正面
340,包装,0,2,仔细,3,5,包装,正面
340,价格,6,8,便宜,8,10,价格,正面
340,发货,11,13,快,13,14,物流,正面
340,_, , ,满意,15,17,整体,正面
341,_, , ,好卡,0,2,硬件&性能,负面
342,_, , ,还不错,4,7,整体,正面
343,_, , ,还是不错的,7,12,整体,正面
344,_, , ,还好,2,4,整体,中性
344,_, , ,有点卡,15,18,硬件&性能,负面
345,_, , ,笨重,0,2,外观,负面
345,_, , ,不便携,2,5,外观,负面
346,_, , ,还可以,0,3,整体,正面
347,_, , ,很酷,5,7,外观,正面
347,材质,13,15,好,15,16,外观,正面
347,外观,17,19,很漂亮,19,22,外观,正面
347,画面效果,28,32,不错,32,34,硬件&性能,正面
347,运行,40,42,流畅,42,44,硬件&性能,正面
347,速度,45,47,快,47,48,硬件&性能,正面
348,_, , ,非常不错,2,6,整体,正面
348,_, , ,很有质感,7,11,外观,正面
348,物流,12,14,很快,14,16,物流,正面
348,_, , ,飞快,30,32,硬件&性能,正面
349,质量,0,2,很好,2,4,整体,正面
350,_, , ,降价,8,10,价格,负面
350,_, , ,差评,13,15,整体,负面
351,包装,6,8,很严实,8,11,包装,正面
351,外观,12,14,精致,14,16,外观,正面
351,_, , ,一点也不卡,20,25,硬件&性能,正面
351,_, , ,很好用,25,28,整体,正面
352,性能,2,4,不错,4,6,硬件&性能,正面
352,跑分,10,12,比较高,13,16,硬件&性能,正面
352,屏幕分辨率,17,22,可以,22,24,硬件&性能,正面
352,玩游戏,25,28,不在话下,31,35,使用场景,正面
352,办公,28,30,不在话下,31,35,使用场景,正面
353,接口,3,5,丰富一些,5,9,硬件&性能,正面
353,投影,14,16,方便点,18,21,使用场景,正面
353,做做office,22,30,够用,30,32,使用场景,正面
353,_, , ,蛮好的,33,36,整体,正面
354,外观,16,18,大气,18,20,外观,正面
354,速度,21,23,很快,23,25,硬件&性能,正面
354,物流,26,28,很及时,29,32,物流,正面
354,_, , ,很满意,49,52,整体,正面
355,_, , ,超级棒,0,3,整体,正面
356,物流,6,8,也快,8,10,物流,正面
356,_, , ,不错,2,4,整体,正面
357,处理器,0,3,很快,3,5,硬件&性能,正面
357,性价比,6,9,很高,9,11,价格,正面
357,_, , ,很满意,12,15,整体,正面
358,喇叭,0,2,不太好,2,5,硬件&性能,负面
359,_, , ,不错,0,2,整体,正面
359,_, , ,挺好,10,12,整体,正面
360,_, , ,很好用,0,3,整体,正面
360,反应,4,6,挺快,6,8,硬件&性能,正面
360,_, , ,无卡顿现象,9,14,硬件&性能,正面
360,_, , ,满意,15,17,整体,正面
361,_, , ,电越充越少,5,10,硬件&性能,负面
361,客服,11,13,高冷,13,15,服务,负面
362,_, , ,很好,0,2,整体,正面
362,_, , ,肥肠棒,3,6,整体,正面
363,_, , ,极差,2,4,整体,负面
363,玩个刺激战场,5,11,卡死,13,15,使用场景,负面
364,_, , ,不太方便,6,10,整体,负面
365,屏显,3,5,清晰,5,7,硬件&性能,正面
365,屏显,3,5,很流畅,8,11,硬件&性能,正面
365,价位,14,16,值,17,18,价格,正面
366,客服服务态度,7,13,真差,13,15,服务,负面
366,客服服务态度,7,13,差到了极点,16,21,服务,负面
367,外观,6,8,高大上,8,11,外观,正面
367,性能,12,14,很好,14,16,硬件&性能,正面
367,上网,17,19,很快,19,21,使用场景,正面
368,_, , ,喜欢黑屏,0,4,硬件&性能,负面
369,_, , ,经常死机,8,12,硬件&性能,负面
369,声音,28,30,很响,25,27,硬件&性能,负面
369,_, , ,亏死,32,34,价格,负面
370,价格,20,22,优惠不了多少,23,29,价格,负面
371,_, , ,不错,4,6,整体,正面
371,_, , ,不方便带,18,22,外观,负面
372,_, , ,很不错,2,5,整体,正面
372,开机速度,5,9,超级快,9,12,硬件&性能,正面
372,客服,13,15,很棒,16,18,服务,正面
372,_, , ,很喜欢,19,22,整体,正面
373,_, , ,一买就降价,0,5,价格,负面
373,_, , ,差评,6,8,整体,负面
374,_, , ,不卡机,6,9,硬件&性能,正面
374,玩游戏,10,13,很流畅,14,17,使用场景,正面
374,显卡,18,20,不卡,20,22,硬件&性能,正面
374,外观,23,25,好看,28,30,外观,正面
374,颜色,25,27,好看,28,30,外观,正面
375,_, , ,很好很给力,6,11,整体,正面
375,运行,12,14,很流畅,14,17,硬件&性能,正面
375,_, , ,很薄,20,22,外观,正面
375,画面,23,25,很清晰,25,28,硬件&性能,正面
375,服务,32,34,太好了,34,37,服务,正面
376,开机,11,13,卡,14,15,硬件&性能,负面
377,音响,3,5,坏掉了,6,9,硬件&性能,负面
378,_, , ,蓝屏,2,4,硬件&性能,负面
379,包装,5,7,安全,7,9,包装,正面
379,颜色,15,17,很满意,17,20,外观,正面
379,画面,26,28,清晰,28,30,硬件&性能,正面
379,软件,36,38,流畅,38,40,软件&性能,正面
379,运行,41,43,正常,43,45,硬件&性能,正面
379,_, , ,不卡顿,48,51,硬件&性能,正面
380,性能,14,16,很好,17,19,硬件&性能,正面
380,画面,21,23,清晰,23,25,硬件&性能,正面
380,_, , ,非常棒,26,29,整体,正面
381,_, , ,蓝屏,0,2,硬件&性能,负面
382,_, , ,好卡,2,4,硬件&性能,负面
383,包,25,26,没有,27,29,包装,负面
383,软件,33,35,没安装,36,39,软件&性能,负面
383,客服,48,50,不理,51,53,服务,负面
383,_, , ,差评,57,59,整体,负面
384,运行速度,2,6,很快,6,8,硬件&性能,正面
384,外观,9,11,精致,11,13,外观,正面
384,材质,14,16,很好,16,18,外观,正面
384,_, , ,非常满意,19,23,整体,正面
385,外观,5,7,美观,7,9,外观,正面
385,运行,17,19,流畅,19,21,硬件&性能,正面
385,办公,22,24,没有压力,29,33,使用场景,正面
385,普通游戏,25,29,没有压力,29,33,使用场景,正面
386,_, , ,很垃圾,0,3,整体,负面
386,打LOL,4,8,极其热,8,11,使用场景,负面
387,购物体验,14,18,最差,7,9,服务,负面
388,外放,0,2,更本不管,2,6,硬件&性能,负面
389,赠品,8,10,没有,10,12,价格,负面
389,客服,17,19,没说给不给,21,26,服务,负面
390,_, , ,超快,0,2,硬件&性能,正面
390,_, , ,超棒,2,4,整体,正面
390,_, , ,超喜欢,4,7,整体,正面
391,质量,3,5,很好,5,7,整体,正面
391,外观,9,11,好看,12,14,外观,正面
391,内存,15,17,挺大,17,19,硬件&性能,正面
391,运行,20,22,流畅,22,24,硬件&性能,正面
392,网速,14,16,特快,16,18,硬件&性能,正面
392,_, , ,非常满意,20,24,整体,正面
393,屏幕,12,14,有坏点,14,17,硬件&性能,负面
393,_, , ,很不错,27,30,整体,正面
393,_, , ,比较喜欢,32,36,整体,正面
394,开机,16,18,很流畅,18,21,硬件&性能,正面
394,_, , ,很喜欢,22,25,整体,正面
394,_, , ,很满意,25,28,整体,正面
395,_, , ,还行,2,4,整体,正面
396,_, , ,轻薄好携带,2,7,外观,正面
396,_, , ,不卡顿,8,11,硬件&性能,正面
396,上网,12,14,很畅快,18,21,使用场景,正面
396,打游戏,15,18,很畅快,18,21,使用场景,正面
396,按键,22,24,灵活,24,26,硬件&性能,正面
397,画面,6,8,很清晰,8,11,硬件&性能,正面
397,运行速度,12,16,很快,16,18,硬件&性能,正面
397,外观设计,19,23,精美,23,25,外观,正面
397,_, , ,超级喜欢,25,29,整体,正面
398,游戏,4,6,延迟,8,10,使用场景,负面
398,游戏,4,6,卡,11,12,使用场景,负面
399,_, , ,太垃圾了,0,4,整体,负面
399,_, , ,十分的烫,6,10,硬件&性能,负面
399,风扇声音,11,15,大,15,16,硬件&性能,负面
399,_, , ,嗡嗡的响,28,32,硬件&性能,负面
400,_, , ,不錯,10,12,整体,正面
400,邊框,19,21,薄,18,19,外观,正面
401,_, , ,差评,0,2,整体,负面
401,包包,6,8,没有,16,18,包装,负面
401,键盘,9,11,没有,16,18,硬件&性能,负面
401,耳塞,3,5,没有,16,18,硬件&性能,负面
401,鼠标,11,13,没有,16,18,硬件&性能,负面
402,外观材质,0,4,挺漂亮的,5,9,外观,正面
403,电池待机时间,2,8,短,8,9,硬件&性能,负面
404,性能,7,9,好,9,10,硬件&性能,正面
404,内存,11,13,大,13,14,硬件&性能,正面
404,外观,14,16,特别好看,16,20,外观,正面
404,价格,21,23,挺实惠的,23,27,价格,正面
404,价格,21,23,便宜,27,29,价格,正面
405,发货速度,5,9,很快,9,11,物流,正面
405,包装,12,14,很好,15,17,包装,正面
405,_, , ,非常的满意,18,23,整体,正面
406,_, , ,还行,0,2,整体,正面
406,性价比,11,14,很高,15,17,价格,正面
406,价格,26,28,乱七八糟,28,32,价格,负面
407,_, , ,非常好,0,3,整体,正面
407,_, , ,喜欢,6,8,整体,正面
407,_, , ,一点不卡,9,13,硬件&性能,正面
407,质量,14,16,杠杠的,16,19,整体,正面
408,发货,0,2,快,2,3,物流,正面
408,_, , ,没有磕碰,4,8,包装,正面
408,性价比,9,12,高,12,13,价格,正面
409,_, , ,卡的关机,0,4,硬件&性能,负面
410,整体,5,7,很不错,7,10,整体,正面
410,屏幕,11,13,很高清,14,17,硬件&性能,正面
411,_, , ,差评,2,4,整体,负面
411,_, , ,降价,11,13,价格,负面
412,画质,0,2,清晰,2,4,硬件&性能,正面
412,_, , ,不卡顿,6,9,硬件&性能,正面
412,_, , ,超薄款型,13,17,使用场景,正面
412,_, , ,超级好看,17,21,整体,正面
412,_, , ,超级喜欢,23,27,整体,正面
412,价格,29,31,眼前一亮,34,38,价格,正面
412,配置,32,34,眼前一亮,34,38,硬件&性能,正面
413,_, , ,明显二手,13,17,真伪,负面
414,_, , ,是正品,10,13,真伪,正面
414,_, , ,不错,20,22,整体,正面
414,外观,24,26,漂亮大气上档次,26,33,外观,正面
415,_, , ,很好,2,4,整体,正面
415,_, , ,物美价廉,5,9,价格,正面
415,性价比,19,22,不错,22,24,价格,正面
415,内存,25,27,足够用,28,31,硬件&性能,正面
415,运行,32,34,十分流畅,34,38,硬件&性能,正面
415,价位,41,43,真的很合适,44,49,价格,正面
416,材质,5,7,很好,7,9,外观,正面
416,外观,10,12,漂亮,12,14,外观,正面
416,网速,20,22,快,22,23,硬件&性能,正面
416,屏幕,24,26,清晰,26,28,硬件&性能,正面
416,_, , ,非常满意,15,19,整体,正面
417,风扇声音,0,4,太大,4,6,硬件&性能,负面
418,运行,11,13,挺快的,13,16,硬件&性能,正面
418,_, , ,不卡,17,19,硬件&性能,正面
418,整体,29,31,不错,31,33,整体,正面
419,打游戏,9,12,很好用,13,16,使用场景,正面
420,质量,0,2,非常好,2,5,整体,正面
420,_, , ,非常满意,17,21,整体,正面
420,_, , ,真的很喜欢,22,27,整体,正面
420,发货速度,35,39,很快,39,41,整体,正面
420,_, , ,很满意,42,45,整体,正面
421,_, , ,还不错,0,3,整体,正面
422,_, , ,出故障了,13,17,硬件&性能,负面
422,_, , ,还不错,0,3,整体,正面
423,_, , ,很好,2,4,整体,正面
423,质量,4,6,不错,6,8,整体,正面
423,_, , ,吃鸡神器,9,13,使用场景,正面
424,外观材质,0,4,金属机身,5,9,外观,正面
424,_, , ,完美,10,12,整体,正面
424,运行,19,21,流畅,21,23,硬件&性能,正面
424,_, , ,非常好,23,26,整体,正面
425,外观,6,8,非常漂亮,8,12,外观,正面
425,速度,13,15,非常快,15,18,硬件&性能,正面
425,_, , ,超级喜欢满意,19,25,整体,正面
426,键盘,0,2,松动,7,9,硬件&性能,负面
426,键盘,0,2,有异响,12,15,硬件&性能,负面
427,_, , ,迷你型,0,3,外观,正面
427,携带,5,7,方便,7,9,外观,正面
427,性能,10,12,稳定,12,14,硬件&性能,正面
427,屏幕,15,17,蛮清晰,17,20,硬件&性能,正面
427,性价比,21,24,很高,24,26,价格,正面
428,性能,2,4,不流畅,5,8,硬件&性能,负面
428,性能,2,4,不算卡,11,14,硬件&性能,正面
429,颜色,0,2,挺喜欢的,2,6,外观,正面
429,_, , ,挺方便的,12,16,整体,正面
429,_, , ,挺好的,32,35,整体,正面
430,_, , ,还可以,0,3,整体,正面
430,速度,7,9,还行,9,11,硬件&性能,正面
431,系统,13,15,很流畅,15,18,软件&性能,正面
431,家用,19,21,绰绰有余,21,25,使用场景,正面
431,价位,26,28,实惠,28,30,价格,正面
431,_, , ,满意,31,33,整体,正面
432,网页,12,14,打不开,14,17,软件&性能,负面
432,玩游戏,18,21,卡,21,22,使用场景,负面
432,看视频,23,26,黑屏,29,31,使用场景,负面
433,_, , ,还不错,0,3,整体,正面
433,_, , ,很轻薄,4,7,外观,正面
433,办公,12,14,很方便,15,18,使用场景,正面
434,_, , ,降价,3,5,价格,负面
434,_, , ,差评,10,12,整体,负面
435,质量,6,8,很好,8,10,整体,正面
435,款式,11,13,好看,13,15,外观,正面
435,材质,16,18,环保,18,20,外观,正面
435,做工,21,23,精致,23,25,外观,正面
435,运行速度,26,30,快,30,31,硬件&性能,正面
436,总体,0,2,不错,4,6,整体,正面
437,运行,5,7,很畅快,7,10,硬件&性能,正面
437,_, , ,不卡顿,11,14,硬件&性能,正面
437,玩游戏画面,15,20,很清晰,20,23,硬件&性能,正面
437,_, , ,精致超薄,27,31,外观,正面
437,质量,38,40,很好,40,42,整体,正面
437,性价比,43,46,高,46,47,价格,正面
438,_, , ,很新,14,16,其他,正面
438,开机速度,17,21,快,21,22,硬件&性能,正面
438,网速,23,25,还不错,26,29,硬件&性能,正面
438,画质,30,32,很清晰,32,35,硬件&性能,正面
438,性价比,36,39,高,39,40,价格,正面
438,携带,41,43,方便,43,45,外观,正面
438,_, , ,很满意,47,50,整体,正面
439,_, , ,卡得要死,15,19,硬件&性能,负面
439,_, , ,自动关机,26,30,硬件&性能,负面
439,_, , ,自动黑屏,30,34,硬件&性能,负面
440,售后,0,2,不错,3,5,服务,正面
441,包装,6,8,完好无破损,8,13,包装,正面
441,外观,14,16,精致,16,18,外观,正面
441,_, , ,不卡顿,19,22,硬件&性能,正面
441,_, , ,满意,23,25,整体,正面
442,性价比,14,17,最高,17,19,价格,正面
442,使用感,21,24,很好,25,27,整体,正面
442,_, , ,不错,28,30,整体,正面
443,_, , ,可以,0,2,整体,正面
444,_, , ,很薄,0,2,外观,正面
444,上网,3,5,很流畅,5,8,使用场景,正面
444,玩游戏,9,12,不卡,16,18,使用场景,正面
444,看电影,12,15,不卡,16,18,使用场景,正面
444,看电影,12,15,好用,19,21,整体,正面
445,_, , ,很满意,0,3,整体,正面
445,_, , ,不卡顿,4,7,硬件&性能,正面
445,反应,7,9,挺快的,9,12,硬件&性能,正面
445,_, , ,经济实惠,13,17,价格,正面
446,_, , ,好用,0,2,整体,正面
446,价格,2,4,挺实惠的,5,9,价格,正面
446,_, , ,特别好看,10,14,外观,正面
447,性能,2,4,比较满意,4,8,硬件&性能,正面
448,wifi,2,6,经常断,6,9,软件&性能,负面
448,开word速度,10,17,很慢,17,19,软件&性能,负面
449,办公,23,25,还不错,30,33,使用场景,正面
449,开机速度,34,38,不错,38,40,硬件&性能,正面
449,散热效果,41,45,好,45,46,硬件&性能,正面
450,价格,0,2,实惠,2,4,价格,正面
450,_, , ,不错,7,9,整体,正面
450,客服,10,12,很热情,13,16,服务,正面
451,物流,4,6,很快,6,8,物流,正面
451,包装,9,11,很完整,11,14,包装,正面
451,_, , ,很漂亮,18,21,外观,正面
451,_, , ,超薄,22,24,外观,正面
451,携带,25,27,方便,27,29,外观,正面
451,_, , ,流畅,32,34,硬件&性能,正面
452,_, , ,不错,13,15,整体,正面
452,存储空间,16,20,大,20,21,硬件&性能,正面
452,清晰度,22,25,高,25,26,硬件&性能,正面
452,运行速度,27,31,很快,31,33,硬件&性能,正面
452,_, , ,不卡顿,34,37,硬件&性能,正面
452,价格,38,40,合理,40,42,价格,正面
452,老板服务态度,43,49,很好,49,51,服务,正面
452,发货速度,52,56,快,56,57,物流,正面
453,_, , ,不错,8,10,整体,正面
454,外观,0,2,精致,2,4,外观,正面
454,手感,5,7,细腻,7,9,外观,正面
454,开机速度,10,14,快,14,15,硬件&性能,正面
454,运行,16,18,流畅,18,20,硬件&性能,正面
454,玩游戏,21,24,不卡顿,24,27,使用场景,正面
454,屏幕,28,30,清晰,30,32,硬件&性能,正面
454,_, , ,非常满意,33,37,整体,正面
455,_, , ,很好用,0,3,整体,正面
455,价格,6,8,有点贵,8,11,价格,负面
455,性价比,12,15,太低,15,17,价格,负面
456,发货,2,4,未按时,4,7,物流,负面
457,_, , ,很漂亮,3,6,外观,正面
457,_, , ,很好看,7,10,外观,正面
457,电池,13,15,超级不耐用,15,20,硬件&性能,负面
457,电池容量,38,42,超级不好,42,46,硬件&性能,负面
458,客服,0,2,不及时,2,5,服务,负面
459,_, , ,挺好用的,2,6,整体,正面
459,价钱,7,9,实在,10,12,价格,正面
459,办公,13,15,优选,15,17,使用场景,正面
460,_, , ,买完就降价,0,5,价格,负面
460,价格,31,33,浮动太大,33,37,价格,负面
461,_, , ,还好,28,30,整体,正面
462,_, , ,非常的好,7,11,整体,正面
463,性能,7,9,很好,11,13,硬件&性能,正面
463,外观,14,16,很喜欢,17,20,外观,正面
463,_, , ,一点也不卡,23,28,硬件&性能,正面
463,_, , ,很快,36,38,物流,正面
464,_, , ,降价,6,8,价格,负面
465,质量,6,8,非常好,8,11,整体,正面
465,_, , ,物美价廉,12,16,价格,正面
466,运行,0,2,不错,2,4,硬件&性能,正面
466,_, , ,很好,5,7,整体,正面
467,_, , ,差评,0,2,整体,负面
468,速度,5,7,快,7,8,硬件&性能,正面
468,颜色,8,10,挺正,10,12,外观,正面
468,外观,12,14,挺漂亮,14,17,外观,正面
468,_, , ,非常满意,17,21,整体,正面
469,开机,0,2,挺快的,2,5,硬件&性能,正面
469,显示屏,6,9,清晰,10,12,硬件&性能,正面
469,价格,13,15,实惠,15,17,价格,正面
470,质量,6,8,很好,8,10,整体,正面
470,_, , ,很满意,11,14,整体,正面
471,_, , ,降价太快,3,7,价格,负面
472,_, , ,黑屏,14,16,硬件&性能,负面
472,客服,18,20,理都不理,20,24,服务,负面
473,_, , ,很慢,2,4,硬件&性能,负面
473,_, , ,降价,26,28,价格,负面
474,_, , ,不错,2,4,整体,正面
474,款式,5,7,轻巧,7,9,外观,正面
474,款式,5,7,耐看,10,12,外观,正面
474,吃鸡,13,15,完全没问题,19,24,使用场景,正面
474,客服,25,27,很耐心,28,31,服务,正面
475,_, , ,降价,8,10,价格,负面
476,_, , ,不错,9,11,整体,正面
476,打游戏,12,15,一点也不卡,15,20,使用场景,正面
476,屏幕,21,23,清晰,23,25,硬件&性能,正面
477,赠品,2,4,没有,4,6,价格,负面
478,外观,0,2,大气,2,4,外观,正面
478,价格,5,7,实惠,7,9,价格,正面
478,玩游戏,10,13,很流畅,13,16,使用场景,正面
479,外观,8,10,很新,10,12,外观,正面
479,_, , ,很好,18,20,整体,正面
479,_, , ,舒服,21,23,整体,正面
479,_, , ,快,24,25,硬件&性能,正面
480,_, , ,是正品,0,3,真伪,正面
480,质量,4,6,不错,7,9,整体,正面
480,银色,36,38,很好看,40,43,外观,正面
481,_, , ,一天一个价,4,9,价格,负面
482,物流,0,2,很快,2,4,物流,正面
483,画面,2,4,清晰流畅,4,8,硬件&性能,正面
483,线条,9,11,流畅优美,11,15,外观,正面
484,屏幕色彩,0,4,不好,4,6,硬件&性能,负面
484,屏幕色彩,0,4,有点暗,9,12,硬件&性能,负面
485,_, , ,非常满意,5,9,整体,正面
486,显示屏效果,0,5,太差了,5,8,硬件&性能,负面
487,_, , ,很好用,2,5,整体,正面
487,反应,6,8,快,8,9,硬件&性能,正面
487,价格,10,12,便宜,12,14,价格,正面
488,_, , ,不错,0,2,整体,正面
488,外观,5,7,精美,7,9,外观,正面
488,性能,10,12,也好,12,14,硬件&性能,正面
488,_, , ,不卡,20,22,硬件&性能,正面
488,_, , ,很快,22,24,硬件&性能,正面
488,性能,10,12,满意,25,27,整体,正面
489,_, , ,方便携带,6,10,外观,正面
489,_, , ,无卡顿,11,14,硬件&性能,正面
490,性能,2,4,很好,5,7,硬件&性能,正面
490,显卡效果,8,12,清晰,13,15,硬件&性能,正面
491,声音,4,6,太大,6,8,硬件&性能,负面
491,客服服务,9,13,太差,13,15,服务,负面
492,_, , ,小巧轻便,0,4,外观,正面
493,物流,0,2,很快,2,4,物流,正面
493,包装,5,7,比较完整,8,12,包装,正面
493,质量,15,17,还可以,17,20,整体,正面
493,价格,21,23,实惠,23,25,价格,正面
493,性价比,26,29,超高,29,31,价格,正面
494,_, , ,不错,2,4,整体,正面
494,成色,36,38,真心不错,38,42,外观,正面
495,物流,11,13,太慢,13,15,物流,负面
495,客服,16,18,太敷衍,19,22,服务,负面
496,性能,2,4,很好,4,6,硬件&性能,正面
496,外观,7,9,简单大方,9,13,外观,正面
496,字幕,14,16,清晰,16,18,使用场景,正面
496,下载好多软件,19,25,不卡机,26,29,使用场景,正面
496,_, , ,非常满意,30,34,整体,正面
497,外观材质,0,4,挺好,5,7,外观,正面
497,性能,10,12,不错,13,15,硬件&性能,正面
498,屏幕,1,3,漏光,3,5,硬件&性能,负面
498,触摸屏,18,21,左边高,21,24,硬件&性能,负面
498,触摸屏,18,21,右边低,24,27,硬件&性能,负面
498,触摸屏,18,21,有缝隙,27,30,硬件&性能,负面
498,金属面板,31,35,漏电,35,37,外观,负面
498,看图片,56,59,模糊,59,61,使用场景,负面
499,_, , ,不好,4,6,整体,负面
499,性能,17,19,挺差的,19,22,硬件&性能,负面
499,_, , ,接收不了文件,25,31,软件&性能,负面
499,_, , ,打不开文件,32,37,软件&性能,负面
500,_, , ,一般,0,2,整体,中性
501,_, , ,降价,6,8,价格,负面
502,屏幕,23,25,不好,25,27,硬件&性能,负面
502,网页字体颜色,12,18,很淡,18,20,使用场景,负面
503,性能,2,4,特好,8,10,硬件&性能,正面
503,显卡,5,7,特好,8,10,硬件&性能,正面
503,外观,11,13,很漂亮,14,17,外观,正面
503,_, , ,特别喜欢,20,24,整体,正面
504,运行速度,0,4,挺快的,4,7,硬件&性能,正面
504,_, , ,不卡,9,11,硬件&性能,正面
504,_, , ,很不错,16,19,整体,正面
504,价格,20,22,比实体店优惠,23,29,价格,正面
505,开机,12,14,挺快的,14,17,硬件&性能,正面
505,键盘体验感,18,23,不适,23,25,外观,负面
505,键盘体验感,18,23,特差,25,27,外观,负面
506,_, , ,不好,7,9,整体,负面
507,_, , ,不错,2,4,整体,正面
508,_, , ,有划痕,9,12,外观,负面
509,_, , ,便宜了两百多,8,14,价格,负面
509,_, , ,差评,25,27,整体,负面
510,售后,0,2,完全不理人,2,7,服务,正面
511,性价比,0,3,挺高,3,5,价格,正面
511,运转,9,11,正常,11,13,硬件&性能,正面
511,画面,14,16,流畅,16,18,硬件&性能,正面
511,_, , ,灰常的得心应手,24,31,整体,正面
512,屏幕效果,0,4,不行,4,6,硬件&性能,负面
513,质量,0,2,不错,2,4,整体,正面
513,_, , ,好评,5,7,整体,正面
514,_, , ,不错,7,9,整体,正面
514,反应,9,11,快,11,12,硬件&性能,正面
514,_, , ,好操作,12,15,使用场景,正面
515,_, , ,很小巧,2,5,外观,正面
515,联网,14,16,比较快,17,20,硬件&性能,正面
515,_, , ,方便携带,9,13,外观,正面
516,_, , ,不错,2,4,整体,正面
516,_, , ,非常好,4,7,整体,正面
517,包装,2,4,严密,4,6,包装,正面
517,运行效果,7,11,好,11,12,硬件&性能,正面
517,_, , ,不卡顿,13,16,硬件&性能,正面
517,_, , ,轻便,17,19,外观,正面
517,_, , ,好用,19,21,整体,正面
517,_, , ,喜欢,22,24,整体,正面
518,打游戏,0,3,杠杠的,3,6,使用场景,正面
519,_, , ,降价,11,13,价格,负面
520,_, , ,一般般,0,3,整体,中性
521,_, , ,很不错,32,35,整体,正面
522,_, , ,非常好用,0,4,整体,正面
522,颜色,5,7,喜欢,9,11,外观,正面
522,礼物,22,24,实用,19,21,价格,正面
523,质量,2,4,可以,4,6,整体,正面
523,内存,16,18,很大,18,20,硬件&性能,正面
523,运行速度,21,25,挺快的,25,28,硬件&性能,正面
523,_, , ,真心喜欢,30,34,整体,正面
524,运行,15,17,很流畅,17,20,硬件&性能,正面
525,_, , ,很轻薄,2,5,外观,正面
525,开机运行,6,10,很快,10,12,硬件&性能,正面
526,客服,0,2,没回应,2,5,服务,负面
527,_, , ,很好,0,2,整体,正面
528,_, , ,好烫,11,13,硬件&性能,负面
529,开机速度,0,4,很快,4,6,硬件&性能,正面
529,重量,7,9,轻了不下一半,17,23,外观,正面
529,玩游戏的质量,24,30,不差,34,36,使用场景,正面
529,速度,31,33,不差,34,36,硬件&性能,正面
529,散热,37,39,快,39,40,硬件&性能,正面
530,开机,0,2,快,2,3,硬件&性能,正面
530,运行,4,6,流畅,6,8,硬件&性能,正面
530,性价比,9,12,高,12,13,价格,正面
530,_, , ,很好,16,18,整体,正面
531,价格,0,2,实惠,2,4,价格,正面
531,包装,5,7,很严密,7,10,包装,正面
531,_, , ,很顺畅,13,16,硬件&性能,正面
531,_, , ,好评,17,19,整体,正面
532,性能,0,2,稳定,2,4,硬件&性能,正面
532,上网,5,7,不卡顿,7,10,使用场景,正面
532,画面清晰度,11,16,高,16,17,硬件&性能,正面
532,外观,18,20,时尚大方,20,24,外观,正面
533,包装,6,8,很好,8,10,包装,正面
533,上网速度,11,15,快,15,16,硬件&性能,正面
533,打游戏,17,20,一点也不卡,20,25,使用场景,正面
533,_, , ,特别喜欢,28,32,整体,正面
533,_, , ,很喜欢,39,42,整体,正面
534,_, , ,刚买完就降价,2,8,价格,负面
535,屏幕显示,0,4,模糊,4,6,硬件&性能,负面
536,反应速度,2,6,很快,6,8,硬件&性能,正面
536,显示屏色彩,9,14,艳丽不晃眼,14,19,硬件&性能,正面
536,玩大型游戏,28,33,没有影响,34,38,使用场景,正面
536,_, , ,一点也不卡顿,39,45,硬件&性能,正面
537,质量,7,9,不错,9,11,整体,正面
538,cpu温度,0,5,高,5,6,硬件&性能,负面
539,打游戏,10,13,不卡,13,15,使用场景,正面
539,打游戏,10,13,流畅,15,17,使用场景,正面
540,_, , ,不好,8,10,整体,负面
540,_, , ,很老土,13,16,外观,负面
540,屏幕,30,32,不是我想象中的,33,40,硬件&性能,负面
541,运行速度,18,22,很快,22,24,硬件&性能,正面
541,打游戏,30,33,可以,34,36,使用场景,正面
541,学习学习,46,50,挺好的,52,55,使用场景,正面
542,包装,6,8,严实,8,10,包装,正面
542,反应,19,21,很快,21,23,硬件&性能,正面
542,玩游戏,27,30,不卡,36,38,使用场景,正面
542,看电视,32,35,不卡,36,38,使用场景,正面
542,_, , ,满意,39,41,整体,正面
543,_, , ,好用,0,2,整体,正面
543,_, , ,经济实惠,2,6,价格,正面
543,_, , ,便宜很多,11,15,价格,正面
543,功能,16,18,很强大,18,21,整体,正面
543,包装,27,29,完好,29,31,包装,正面
543,物流,32,34,很快,35,37,物流,正面
544,性能,0,2,不错,2,4,硬件&性能,正面
544,显卡效果,5,9,很好,10,12,硬件&性能,正面
544,外观设计,13,17,合理,17,19,外观,正面
544,_, , ,这么好,30,33,整体,正面
545,整体,0,2,满意,2,4,整体,正面
546,快递,46,48,_, , ,物流,负面
546,包装,63,65,有点简陋,65,69,包装,负面
546,_, , ,有点发热,17,21,硬件&性能,负面
546,_, , ,有点小失望,9,14,整体,负面
546,_, , ,降价,38,40,价格,负面
547,_, , ,不划算,13,16,价格,负面
548,_, , ,降价快,6,9,价格,负面
549,_, , ,不错,0,2,整体,正面
549,质量,3,5,挺好的,5,8,整体,正面
549,款式,9,11,大方,11,13,外观,正面
549,运行,13,15,流畅不卡顿,15,20,硬件&性能,正面
549,_, , ,非常满意,20,24,整体,正面
550,速度,2,4,很快,4,6,硬件&性能,正面
550,玩游戏,9,12,很流畅,14,17,使用场景,正面
550,_, , ,非常的好,18,22,整体,正面
551,_, , ,还行,3,5,整体,正面
552,_, , ,买一天就降价,1,7,价格,负面
552,_, , ,差评,8,10,整体,负面
553,_, , ,好看,0,2,外观,正面
553,_, , ,流畅,5,7,硬件&性能,正面
553,_, , ,美丽,8,10,外观,正面
553,手感,11,13,好的一批,13,17,外观,正面
553,安装,18,20,很方便,20,23,其他,正面
554,开机,2,4,挺快的,6,9,硬件&性能,正面
554,出风口,26,29,很烫,22,24,硬件&性能,负面
554,客服态度,32,36,非常的好,38,42,服务,正面
555,速度,15,17,没想象的快,17,22,硬件&性能,负面
556,_, , ,轻便,17,19,外观,正面
556,_, , ,真的很漂亮,12,17,外观,正面
557,_, , ,一般,0,2,整体,中性
558,_, , ,卡死,14,16,硬件&性能,负面
559,_, , ,好看,0,2,外观,正面
560,_, , ,还行,3,5,整体,正面
560,客服态度,8,12,真差,13,15,服务,负面
561,_, , ,一般般,0,3,整体,中性
561,_, , ,卡,12,13,硬件&性能,负面
561,_, , ,会闪退,18,21,硬件&性能,负面
562,质量,0,2,不错,2,4,整体,正面
562,性能,15,17,好,17,18,硬件&性能,正面
562,_, , ,好评,19,21,整体,正面
563,容量,2,4,小,4,5,硬件&性能,负面
563,_, , ,超级烂,8,11,整体,负面
564,机械硬盘,20,24,人为拆卸过,25,30,硬件&性能,负面
565,运行,0,2,稳定,2,4,硬件&性能,正面
565,视频,5,7,比较流畅清晰,8,14,使用场景,正面
565,_, , ,挺好用的,15,19,整体,正面
566,物流,17,19,不正常,20,23,物流,负面
567,速度,14,16,快,16,17,硬件&性能,正面
567,_, , ,一点不卡,18,22,硬件&性能,正面
567,外观,23,25,精致,25,27,外观,正面
567,_, , ,很喜欢,28,31,整体,正面
568,外观,5,7,真的是爱了,7,12,外观,正面
568,外观,5,7,简约大方,14,18,外观,正面
568,外观,5,7,超薄,21,23,外观,正面
568,_, , ,很方便,35,38,外观,正面
569,打个LOL,2,7,六七十度,7,11,使用场景,负面
569,打个LOL,2,7,很卡,11,13,使用场景,负面
570,性能,2,4,很强,4,6,硬件&性能,正面
570,性价比,7,10,很高,10,12,价格,正面
571,_, , ,一点也不卡,5,10,硬件&性能,正面
571,反应,11,13,很快,13,15,硬件&性能,正面
571,_, , ,和新的差不多,16,22,外观,正面
572,_, , ,报错,9,11,软件&性能,负面
572,_, , ,重启,15,17,软件&性能,负面
573,_, , ,好用,2,4,整体,正面
573,价格,35,37,合适,38,40,价格,正面
573,_, , ,好评,41,43,整体,正面
574,_, , ,好的一批,2,6,整体,正面
575,_, , ,很好,2,4,整体,正面
575,带游戏,5,8,有点吃力,10,14,使用场景,正面
576,包装,6,8,很好,12,14,包装,正面
576,上网速度,15,19,很快,19,21,使用场景,正面
576,价格,22,24,实惠,24,26,价格,正面
576,_, , ,满意,27,29,整体,正面
577,_, , ,很一般,0,3,整体,中性
577,风扇声音,5,9,不好,13,15,硬件&性能,负面
577,扬声器,10,13,不好,13,15,硬件&性能,负面
578,外观,0,2,漂亮,2,4,外观,正面
578,质量,11,13,很好,13,15,整体,正面
578,反应速度,16,20,快,20,21,硬件&性能,正面
578,_, , ,一点也不卡,22,27,硬件&性能,正面
578,_, , ,非常满意好评,28,34,整体,正面
579,_, , ,很輕,0,2,外观,正面
579,外表,3,5,很高大上,6,10,外观,正面
579,系統,16,18,只有中文簡體,18,24,软件&性能,负面
580,_, , ,之前都挺好的,11,17,整体,正面
580,_, , ,和死机一样,34,39,硬件&性能,负面
581,包装,0,2,不错,2,4,包装,正面
581,包装,0,2,很好,5,7,包装,正面
582,质量,2,4,很好,4,6,整体,正面
582,_, , ,很不错,7,10,整体,正面
582,_, , ,很好用,14,17,整体,正面
583,性能,2,4,很好,4,6,硬件&性能,正面
583,_, , ,不卡,7,9,硬件&性能,正面
583,_, , ,很流畅,13,16,硬件&性能,正面
583,_, , ,很满意,17,20,整体,正面
584,屏幕,9,11,跟清楚,11,14,硬件&性能,正面
584,外观,15,17,漂亮,17,19,外观,正面
585,价格,13,15,_, , ,价格,负面
585,_, , ,没质量问题,5,10,整体,正面
586,_, , ,垃圾,0,2,整体,负面
586,_, , ,卡死了,5,8,硬件&性能,负面
586,_, , ,老死机,10,13,硬件&性能,负面
587,性能,2,4,不错,4,6,硬件&性能,正面
587,外观,7,9,漂亮,9,11,外观,正面
587,外观,7,9,很喜欢,11,14,外观,正面
587,玩游戏,15,18,杠杠的,18,21,使用场景,正面
588,_, , ,闪屏,7,9,硬件&性能,负面
589,外观,6,8,很漂亮,8,11,外观,正面
589,玩游戏,12,15,一点不卡,15,19,使用场景,正面
589,出门携带,20,24,方便,24,26,外观,正面
589,价格,27,29,实惠,29,31,价格,正面
589,性价比,32,35,高,35,36,价格,正面
590,性价比,0,3,可以,3,5,价格,正面
590,办公,17,19,够了,19,21,使用场景,正面
591,_, , ,卡死,4,6,硬件&性能,负面
591,_, , ,一点也不好用,7,13,整体,负面
592,外观,2,4,很新,5,7,外观,正面
592,_, , ,不卡,11,13,硬件&性能,正面
592,_, , ,很划算,14,17,价格,正面
593,送货,6,8,慢的要死,8,12,物流,负面
594,下载软件,0,4,挺快的,8,11,使用场景,正面
594,_, , ,容易发烫,14,18,硬件&性能,负面
595,_, , ,不错,2,4,整体,正面
596,_, , ,不错,0,2,整体,正面
596,送货,3,5,快,5,6,物流,正面
596,服务,7,9,好,9,10,服务,正面
596,_, , ,没有破损,11,15,包装,正面
596,运行,18,20,很快,20,22,硬件&性能,正面
597,_, , ,非常好,0,3,整体,正面
597,物流,4,6,很快,6,8,物流,正面
598,质量,6,8,很好,8,10,整体,正面
598,性能,13,15,强,15,16,硬件&性能,正面
598,屏幕,17,19,清晰,19,21,硬件&性能,正面
598,灵敏度,22,25,很高,25,27,硬件&性能,正面
598,外观,28,30,精致美观,30,34,外观,正面
598,_, , ,很喜欢,35,38,整体,正面
599,包装,6,8,很严实,8,11,包装,正面
599,包装,6,8,没问题,11,14,包装,正面
599,外观,15,17,不错,22,24,外观,正面
599,运行速度,25,29,很快,29,31,硬件&性能,正面
599,_, , ,实恵,32,34,价格,正面
599,_, , ,很满意,34,37,整体,正面
600,包装,5,7,很好,7,9,包装,正面
600,包装,5,7,无破损,10,13,包装,正面
600,_, , ,和新的一样,20,25,外观,正面
600,_, , ,不卡,27,29,硬件&性能,正面
600,灵敏度反应,30,35,很快,35,37,硬件&性能,正面
600,图案,38,40,特别清晰,43,47,硬件&性能,正面
600,图质,41,43,特别清晰,43,47,硬件&性能,正面
600,音质,48,50,也好,50,52,硬件&性能,正面
601,速度,0,2,挺快,2,4,硬件&性能,正面
601,_, , ,很顺畅,9,12,硬件&性能,正面
602,服务,12,14,真是被动,14,18,服务,负面
602,_, , ,还可以,2,5,整体,正面
603,_, , ,还行,7,9,整体,正面
603,风扇声音,12,16,太大,16,18,硬件&性能,负面
603,系统,21,23,经常更新,23,27,软件&性能,负面
604,反应,16,18,太慢,18,20,硬件&性能,负面
604,_, , ,假货,4,6,真伪,负面
605,_, , ,发热,2,4,硬件&性能,负面
605,_, , ,黑过一次屏,6,11,硬件&性能,负面
606,_, , ,很不错,6,9,整体,正面
606,_, , ,很满意,10,13,整体,正面
607,质量,0,2,不错,2,4,整体,正面
607,运行速度,5,9,很快,9,11,硬件&性能,正面
607,外观,12,14,精致,14,16,外观,正面
607,玩游戏,17,20,不卡,20,22,使用场景,正面
608,_, , ,真心不错,2,6,整体,正面
608,性价比,7,10,蛮高的,10,13,价格,正面
609,开机,7,9,挺快的,10,13,硬件&性能,正面
609,办公,17,19,还可以,19,22,使用场景,正面
609,_, , ,蓝屏,41,43,使用场景,负面
610,颜值,0,2,还好,2,4,外观,正面
610,帧率,45,47,很低,48,50,硬件&性能,负面
610,_, , ,真的慢,18,21,软件&性能,负面
611,性能,0,2,强,2,3,硬件&性能,正面
611,运行速度,4,8,很快,8,10,硬件&性能,正面
611,_, , ,一点都不卡,11,16,硬件&性能,正面
611,包装,17,19,严实,19,21,包装,正面
611,包装,17,19,完好无损,22,26,包装,正面
612,看电视,8,11,烫的很,15,18,使用场景,负面
612,_, , ,非常差劲,19,23,整体,负面
613,性能,2,4,不错,4,6,硬件&性能,正面
613,外观,7,9,时尚好看,9,13,外观,正面
613,屏幕,14,16,清晰,16,18,硬件&性能,正面
613,反应,19,21,快,21,22,硬件&性能,正面
613,性价比,23,26,高,26,27,价格,正面
614,_, , ,非常完美,0,4,整体,正面
614,外形,6,8,非常好看,8,12,外观,正面
615,_, , ,什么垃圾,12,16,整体,负面
615,_, , ,刚买了两天就降了,0,8,价格,负面
616,物流,0,2,慢,2,3,物流,负面
616,客服,4,6,不作为,6,9,服务,负面
616,体验感,41,44,差,44,45,使用场景,负面
616,系统,46,48,不好用,48,51,软件&性能,负面
617,_, , ,精致,0,2,外观,正面
617,_, , ,很好,2,4,整体,正面
617,性价比,4,7,高,7,8,价格,正面
618,_, , ,很满意,8,11,整体,正面
619,外形,0,2,很喜欢,6,9,外观,正面
619,彩色键盘,13,17,太帅了,18,21,硬件&性能,正面
619,_, , ,真的很棒,23,27,整体,正面
619,玩了下游戏,28,33,很爽,34,36,使用场景,正面
619,吃鸡LOL2k,37,44,随便玩,45,48,使用场景,正面
620,_, , ,毛病各种多,16,21,整体,负面
620,_, , ,一星都不想给,0,6,整体,负面
620,_, , ,真的坑,7,10,整体,负面
621,_, , ,非常nice,0,6,整体,正面
622,_, , ,挺好的,0,3,整体,正面
622,外观,7,9,好看,13,15,外观,正面
622,版型,10,12,好看,13,15,外观,正面
622,价格,16,18,很便宜,19,22,价格,正面
623,外观,0,2,漂亮,2,4,外观,正面
623,内存,11,13,够了,18,20,硬件&性能,正面
623,_, , ,挺好的,25,28,整体,正面
624,包装,10,12,贼差,12,14,包装,负面
625,_, , ,掉价太厉害,2,7,价格,负面
626,外观设计,2,6,新颖,6,8,外观,正面
626,画面,9,11,自然,11,13,硬件&性能,正面
626,玩游戏,14,17,有身临其境的感觉,17,25,使用场景,正面
626,运行速度,26,30,很快,30,32,硬件&性能,正面
627,运行速度,6,10,很快,10,12,硬件&性能,正面
627,外形,13,15,满意,17,19,外观,正面
627,吃鸡,21,23,妥妥的,23,26,使用场景,正面
628,成色,10,12,非常棒,12,15,外观,正面
628,性能,16,18,非常好,24,27,硬件&性能,正面
628,包装,28,30,很严实,31,34,包装,正面
629,质量,2,4,很好,4,6,整体,正面
629,发货,7,9,很准时,10,13,物流,正面
629,服务态度,14,18,也好,18,20,服务,正面
630,_, , ,挺不错的,2,6,整体,正面
630,办公,8,10,挺好的,20,23,使用场景,正面
630,看电影,12,15,挺好的,20,23,使用场景,正面
630,玩点游戏,15,19,挺好的,20,23,使用场景,正面
630,物流,31,33,很快,34,36,物流,正面
631,外观设计,11,15,好看,15,17,外观,正面
631,_, , ,轻便小巧,18,22,外观,正面
631,_, , ,很方便,25,28,外观,正面
631,屏幕,29,31,清晰,31,33,硬件&性能,正面
631,玩起游戏,34,38,不卡,39,41,使用场景,正面
631,_, , ,物超所值,42,46,价格,正面
632,_, , ,买了就降,0,4,价格,负面
633,_, , ,小巧玲珑,0,4,外观,正面
633,携带,5,7,方便,7,9,外观,正面
633,内存,10,12,强大,12,14,硬件&性能,正面
633,运行,15,17,快,17,18,硬件&性能,正面
633,按键,19,21,灵活,21,23,硬件&性能,正面
633,_, , ,不卡顿,24,27,硬件&性能,正面
634,_, , ,还不错,4,7,整体,正面
635,开机,0,2,快,2,3,硬件&性能,正面
635,性能,4,6,强大,6,8,硬件&性能,正面
635,办公,13,15,刚刚好,15,18,使用场景,正面
636,外观材质,0,4,不错,5,7,外观,正面
636,整体造型,8,12,好看,12,14,外观,正面
636,游戏处理画面,21,27,很棒,27,29,硬件&性能,正面
636,性能,33,35,流畅,38,40,硬件&性能,正面
636,_, , ,很喜欢,41,44,整体,正面
637,_, , ,貌似是二手的,0,6,真伪,负面
638,_, , ,什么都不送,2,7,价格,负面
639,质量,0,2,太差,2,4,整体,负面
640,物流,0,2,很快,2,4,物流,正面
640,包装,8,10,完好没有磕碰,10,16,包装,正面
640,客服小姐姐,17,22,很有耐心,22,26,服务,正面
641,价格,10,12,忽上忽下,12,16,价格,负面
641,风扇声音,17,21,大,22,23,硬件&性能,负面
642,_, , ,不好用,0,3,整体,负面
642,_, , ,烂货,22,24,整体,负面
643,外观,0,2,漂亮,2,4,外观,正面
643,_, , ,是正品,5,8,真伪,正面
643,_, , ,非常喜欢,11,15,整体,正面
644,_, , ,降价,3,5,价格,负面
645,_, , ,不错,2,4,整体,正面
645,商家服务态度,5,11,很好,11,13,服务,正面
645,物流,14,16,也快,16,18,物流,正面
646,物流,0,2,挺快的,2,5,物流,正面
646,价格,6,8,便宜很多,12,16,价格,正面
646,包装,17,19,很好,20,22,包装,正面
646,_, , ,很满意,24,27,整体,正面
647,性能,2,4,很棒,4,6,硬件&性能,正面
647,_, , ,很流畅,7,10,硬件&性能,正面
647,_, , ,不卡顿,11,14,硬件&性能,正面
647,画面,15,17,清晰,17,19,硬件&性能,正面
647,性价比,20,23,很高,23,25,价格,正面
648,音效杂音,0,4,太厉害,4,7,硬件&性能,负面
648,_, , ,特别的卡,9,13,硬件&性能,负面
648,分辨率画质,14,19,特别烂,19,22,硬件&性能,负面
649,外形材质,18,22,非常好,22,25,外观,正面
649,运行,26,28,没话说,28,31,硬件&性能,正面
649,玩游戏,32,35,非常流畅,35,39,使用场景,正面
649,玩游戏,32,35,不卡顿,40,43,使用场景,正面
650,送的东西,20,24,真的差,25,28,价格,负面
650,_, , ,全是气泡,32,36,外观,负面
651,内存,2,4,不够,6,8,硬件&性能,负面
651,屏幕,13,15,卡死,15,17,硬件&性能,负面
651,运行,26,28,一般,28,30,硬件&性能,负面
652,反应,4,6,灵敏,6,8,硬件&性能,正面
652,运行速度,9,13,快,13,14,硬件&性能,正面
652,_, , ,很好用,0,3,整体,正面
653,_, , ,还行,0,2,整体,正面
653,_, , ,挺好的,4,7,整体,正面
654,_, , ,差评,0,2,整体,负面
654,散热风扇的声音,4,11,真的刺耳,12,16,硬件&性能,负面
654,指纹处,18,21,有明显撬过的痕迹,21,29,外观,负面
654,_, , ,掉价,37,39,价格,负面
655,_, , ,有坏点,6,9,外观,负面
655,_, , ,形变,10,12,外观,负面
656,_, , ,入手就降价,0,5,价格,负面
657,物流,0,2,很快,2,4,物流,正面
657,活动,5,7,真的很实惠,11,16,价格,正面
657,客服服务,24,28,好,28,29,服务,正面
658,客服态度,15,19,非常好,19,22,服务,正面
658,服务,23,25,很有耐心,25,29,服务,正面
659,运行速度,2,6,快,6,7,硬件&性能,正面
659,画质,14,16,清晰,16,18,硬件&性能,正面
659,_, , ,一点都不卡,8,13,硬件&性能,正面
659,外观,19,21,很漂亮,21,24,外观,正面
659,材质,25,27,很好,27,29,外观,正面
659,_, , ,非常不错,30,34,整体,正面
660,机器人回复,4,9,很恶心,0,3,服务,负面
661,性能,2,4,很好,4,6,硬件&性能,正面
661,运行,7,9,很快,9,11,硬件&性能,正面
661,外观,12,14,不错,15,17,外观,正面
662,摄像头,12,15,安装偏,19,22,硬件&性能,负面
663,_, , ,很好,2,4,整体,正面
663,性价比,6,9,高,9,10,价格,正面
664,_, , ,轻薄,2,4,外观,正面
664,_, , ,方便携带,4,8,外观,正面
664,外观,9,11,时尚,11,13,外观,正面
664,质量,13,15,挺不错的,15,19,整体,正面
664,运行速度,22,26,快,26,27,硬件&性能,正面
665,_, , ,挺不错的,2,6,整体,正面
665,客服服务态度,8,14,很好,15,17,服务,正面
666,售后服务,0,4,不咋滴,4,7,服务,负面
667,_, , ,挺好的,4,7,整体,正面
668,速度,6,8,非常流畅,8,12,硬件&性能,正面
668,画质,13,15,很清晰,16,19,硬件&性能,正面
668,客服服务态度,20,26,很棒,26,28,服务,正面
668,_, , ,非常满意,29,33,整体,正面
668,_, , ,棒棒的,34,37,整体,正面
668,客服,40,42,有耐心,44,47,服务,正面
669,屏幕,2,4,会闪,4,6,硬件&性能,负面
669,_, , ,不错,26,28,整体,正面
670,性能,0,2,好,2,3,硬件&性能,正面
670,外观,4,6,比较满意,7,11,外观,正面
670,质量,13,15,不错,18,20,整体,正面
670,_, , ,没有什么色差,22,28,硬件&性能,正面
671,_, , ,非常的满意,6,11,整体,正面
672,发烫,4,6,严重,6,8,硬件&性能,负面
673,价钱,0,2,实惠,2,4,价格,正面
673,包装,5,7,精致,7,9,包装,正面
673,质量,10,12,非常好,13,16,整体,正面
674,_, , ,不咋地,2,5,整体,负面
675,_, , ,很好,2,4,整体,正面
675,_, , ,不卡,6,8,硬件&性能,正面
675,_, , ,很好用,14,17,整体,正面
676,_, , ,不错,2,4,整体,正面
676,操作,7,9,灵敏,9,11,使用场景,正面
676,音质,12,14,清晰,15,17,硬件&性能,正面
676,_, , ,nice,39,43,整体,正面
677,外壳,6,8,有点软,8,11,外观,负面
677,壳,17,18,薄,18,19,外观,负面
678,_, , ,非常好,0,3,整体,正面
678,质量,7,9,很好,13,15,整体,正面
678,数度,10,12,很好,13,15,硬件&性能,正面
678,_, , ,喜欢,31,33,整体,正面
679,综合性能,5,9,很好,9,11,硬件&性能,正面
680,_, , ,差评,0,2,整体,负面
680,_, , ,刚买就降价,3,8,价格,负面
680,_, , ,不让申请价格保护,15,23,价格,负面
681,_, , ,降价,4,6,价格,负面
681,_, , ,差评,8,10,整体,负面
682,_, , ,骚扰,10,12,服务,负面
683,_, , ,卡顿,23,25,硬件&性能,负面
683,_, , ,死机,26,28,硬件&性能,负面
684,_, , ,挺好的,5,8,整体,正面
684,触摸板的功能,17,23,很方便,23,26,硬件&性能,正面
684,_, , ,很棒,35,37,整体,正面
685,_, , ,不好用,0,3,整体,负面
686,发货,0,2,快,2,3,物流,正面
686,品质,6,8,很好,8,10,整体,正面
686,设计,14,16,超薄,11,13,外观,正面
686,_, , ,方便携带,16,20,外观,正面
686,运行,20,22,超快,22,24,硬件&性能,正面
686,外形设计,32,36,最喜欢,24,27,外观,正面
687,_, , ,还行,0,2,整体,负面
688,_, , ,降价,5,7,价格,负面
689,物流,0,2,满分,3,5,物流,正面
689,_, , ,黄点,21,23,外观,负面
690,_, , ,差是真的差,0,5,整体,负面
690,声音,11,13,好大,13,15,硬件&性能,负面
690,速度,16,18,不快,19,21,硬件&性能,负面
691,_, , ,不错,2,4,整体,正面
691,配送,9,11,不给(*￣m￣)力,11,20,物流,负面
692,运行速度,0,4,很快,4,6,硬件&性能,正面
692,外观,13,15,好看,15,17,外观,正面
692,_, , ,特别的流畅,7,12,硬件&性能,正面
693,_, , ,没有想象中完美,0,7,整体,负面
694,质量,0,2,很好,2,4,整体,正面
694,上网速度,5,9,很快,9,11,使用场景,正面
694,_, , ,一点也不卡,12,17,硬件&性能,正面
694,包装,18,20,很用心,21,24,包装,正面
694,_, , ,很不错,25,28,整体,正面
695,_, , ,死机,8,10,硬件&性能,负面
696,_, , ,不错,0,2,整体,正面
697,_, , ,很不错,10,13,整体,正面
697,_, , ,瑕疵不少,15,19,整体,负面
697,开机,20,22,每次会花瓶,22,27,硬件&性能,负面
698,显卡效果,0,4,比想象中要好,5,11,硬件&性能,正面
699,外观,0,2,精美,2,4,外观,正面
699,_, , ,很薄,5,7,外观,正面
699,携带,7,9,方便,9,11,外观,正面
699,玩游戏,12,15,一点都不卡,15,20,使用场景,正面
699,_, , ,很喜欢,21,24,整体,正面
700,_, , ,会卡顿,4,7,硬件&性能,负面
701,_, , ,还不错,12,15,整体,正面
701,价格,23,25,乱跳,25,27,价格,负面
701,_, , ,一天一个价,28,33,价格,负面
702,_, , ,OK,2,4,整体,正面
703,客服,6,8,没信用,8,11,服务,负面
703,_, , ,不好用,2,5,整体,负面
704,看视频,0,3,滋滋的卡带,9,14,使用场景,负面
705,屏幕,0,2,不行,2,4,硬件&性能,负面
706,价格,2,4,实惠,4,6,价格,正面
706,速度,7,9,快,9,10,硬件&性能,正面
707,速度,11,13,快,13,14,硬件&性能,正面
707,_, , ,满意,15,17,整体,正面
708,_, , ,还可以,17,20,整体,正面
708,声音,25,27,略大,27,29,硬件&性能,负面
708,运行速度,30,34,不明显,36,39,硬件&性能,中性
708,性价比,40,43,一般般,55,58,价格,中性
709,_, , ,很不错,0,3,整体,正面
709,性价比,4,7,很高,7,9,价格,正面
709,物流,10,12,快,12,13,物流,正面
709,客服服务态度,14,20,好,20,21,服务,正面
709,_, , ,好评,22,24,整体,正面
710,_, , ,刚买就降价,0,5,价格,负面
711,功能,4,6,不错,6,8,整体,正面
711,系统,12,14,好用,14,16,软件&性能,正面
712,款式,6,8,很好看,8,11,外观,正面
712,配置,14,16,高,16,17,硬件&性能,正面
712,价格,18,20,实惠,20,22,价格,正面
712,物流,23,25,也快,25,27,物流,正面
712,_, , ,好评,29,31,整体,正面
713,玩游戏,0,3,一点都不卡,3,8,使用场景,正面
713,_, , ,满意,9,11,整体,正面
714,_, , ,有点小卡,14,18,硬件&性能,负面
714,音响,19,21,一直很烂,26,30,硬件&性能,负面
714,声音,31,33,一卡一卡的,35,40,硬件&性能,负面
714,_, , ,是真的烂,58,62,整体,负面
715,包裹,7,9,很严实,9,12,包装,正面
716,性能,6,8,很好,8,10,硬件&性能,正面
716,_, , ,薄,12,13,外观,正面
716,运行,14,16,很快,16,18,硬件&性能,正面
716,_, , ,满分,19,21,整体,正面
717,性能,0,2,不错,2,4,硬件&性能,正面
717,外观,5,7,挺漂亮的,7,11,外观,正面
718,_, , ,非常好,0,3,整体,正面
718,_, , ,非常满意,7,11,整体,正面
719,质量,0,2,可以,2,4,整体,正面
719,性价比,5,8,高,8,9,价格,正面
719,_, , ,很流畅不卡顿,12,18,硬件&性能,正面
720,_, , ,买完就降价,0,5,价格,负面
720,_, , ,申请价格保护还不行,5,14,价格,负面
720,_, , ,不处理,20,23,服务,负面
721,_, , ,无法开机,6,10,硬件&性能,负面
722,总体,0,2,很满意,2,5,整体,正面
723,性能,0,2,稳定,2,4,硬件&性能,正面
723,运行速度,5,9,快,9,10,硬件&性能,正面
723,外观,11,13,时尚,13,15,外观,正面
723,面板,16,18,高大上,18,21,外观,正面
723,_, , ,抢眼,29,31,外观,正面
724,_, , ,很ok,12,15,整体,正面
724,_, , ,比较流畅,16,20,硬件&性能,正面
724,质量,26,28,不错,29,31,整体,正面
725,_, , ,马马虎虎,0,4,整体,中性
725,散热,5,7,不咋地,7,10,硬件&性能,负面
725,CPU温度,11,16,太高,16,18,硬件&性能,负面
726,_, , ,降价,27,29,价格,负面
727,_, , ,好评,0,2,整体,正面
727,_, , ,超级漂亮,3,7,外观,正面
727,店家,13,15,很棒,16,18,服务,正面
728,下载软件,21,25,特别慢,25,28,软件&性能,负面
729,赠品,0,2,没有,2,4,价格,负面
730,质量,0,2,很好,2,4,整体,正面
730,运行速度,5,9,很快,9,11,硬件&性能,正面
730,_, , ,很流畅,12,15,硬件&性能,正面
730,_, , ,满意,16,18,整体,正面
731,_, , ,像是翻新的,2,7,真伪,负面
731,_, , ,卡,14,15,硬件&性能,负面
731,_, , ,脱皮,19,21,外观,负面
732,物流,2,4,值得给五星,4,9,物流,负面
732,包装,19,21,_, , ,包装,负面
732,_, , ,不错,13,15,整体,负面
733,_, , ,很好,0,2,整体,正面
733,颜值,3,5,很高,5,7,外观,正面
733,物流,8,10,很快,11,13,物流,正面
733,态度,19,21,不错,25,27,服务,正面
733,效率,22,24,不错,25,27,服务,正面
734,_, , ,好用,0,2,整体,正面
734,速度,3,5,快,5,6,硬件&性能,正面
734,画面,7,9,清晰,9,11,硬件&性能,正面
734,画面,7,9,不刺眼,12,15,硬件&性能,正面
734,大小,16,18,正合适,19,22,外观,正面
735,外壳,5,7,一直有静电,7,12,外观,负面
736,运行速度,0,4,有点小卡,4,8,硬件&性能,负面
736,价格,28,30,说变就变,31,35,价格,负面
737,_, , ,降价,23,25,价格,负面
737,_, , ,差评,37,39,整体,负面
738,_, , ,很喜欢,3,6,整体,正面
738,_, , ,很方便,17,20,整体,正面
739,开机,7,9,很快,9,11,硬件&性能,正面
739,运行,12,14,不错,15,17,硬件&性能,正面
739,_, , ,值,19,20,价格,正面
740,_, , ,降价,20,22,价格,负面
740,_, , ,经常死机,35,39,硬件&性能,负面
741,_, , ,挺好,2,4,整体,正面
741,字体显示,7,11,有点模糊,11,15,硬件&性能,负面
742,屏幕,4,6,清晰,6,8,硬件&性能,正面
742,质量,9,11,好,12,13,整体,正面
743,性能,2,4,很好,4,6,硬件&性能,正面
743,运行,7,9,很流畅,9,12,硬件&性能,正面
743,画面质感,13,17,清晰,17,19,硬件&性能,正面
743,外观,20,22,很高档,22,25,外观,正面
744,包装,11,13,真的是差,13,17,包装,负面
745,_, , ,卡,0,1,硬件&性能,负面
746,服务,0,2,太差,2,4,服务,负面
747,性能,2,4,不错,4,6,硬件&性能,正面
747,_, , ,不卡,14,16,硬件&性能,正面
747,按键反应,16,20,灵敏,20,22,硬件&性能,正面
747,_, , ,很喜欢,23,26,整体,正面
747,价格,29,31,不贵,32,34,价格,正面
748,_, , ,很不错,0,3,整体,正面
748,价格,7,9,真心不错,9,13,价格,正面
748,_, , ,物美价廉,14,18,价格,正面
748,_, , ,是正品,19,22,真伪,正面
748,办公,24,26,不错,29,31,使用场景,正面
748,游戏,26,28,不错,29,31,使用场景,正面
749,_, , ,好,0,1,整体,正面
750,_, , ,轻薄,10,12,外观,正面
750,_, , ,很轻,16,18,外观,正面
750,携带,19,21,还算方便,21,25,外观,正面
750,客服,31,33,有耐心,38,41,服务,正面
750,开机,44,46,很快,46,48,硬件&性能,正面
750,屏幕,49,51,清楚,51,53,硬件&性能,正面
750,_, , ,蛮划算的,54,58,价格,正面
751,_, , ,很满意,3,6,整体,正面
751,运行,9,11,很流畅,11,14,硬件&性能,正面
751,_, , ,不会卡网,14,18,硬件&性能,正面
751,性能,22,24,很好,25,27,硬件&性能,正面
751,价格,28,30,实惠,30,32,价格,正面
751,_, , ,很划算,34,37,价格,正面
752,_, , ,死机,5,7,硬件&性能,负面
752,_, , ,卡顿严重,8,12,硬件&性能,负面
753,性能,0,2,很好,2,4,硬件&性能,正面
753,_, , ,很满意,5,8,整体,正面
753,_, , ,很喜欢,11,14,整体,正面
754,_, , ,还不错,9,12,整体,正面
754,_, , ,挺流畅的,13,17,硬件&性能,正面
754,_, , ,好评,18,20,整体,正面
755,外观,6,8,漂亮,8,10,外观,正面
755,屏显,11,13,清晰,13,15,硬件&性能,正面
755,运行,16,18,快,18,19,硬件&性能,正面
755,噪音,20,22,小,22,23,硬件&性能,正面
755,质量,24,26,不错,26,28,整体,正面
755,_, , ,好评,29,31,整体,正面
756,外观,2,4,不错,4,6,外观,正面
756,充电,17,19,发热的厉害,19,24,硬件&性能,负面
756,风扇散热,26,30,慢,30,31,硬件&性能,负面
756,风扇散热,26,30,大声,32,34,硬件&性能,负面
757,外观,2,4,小巧精致,4,8,外观,正面
757,图像,9,11,清晰,11,13,硬件&性能,正面
757,网速,14,16,流畅,16,18,硬件&性能,正面
757,_, , ,好评,19,21,整体,正面
758,开机关机,0,4,很快,4,6,硬件&性能,正面
758,开PPT,7,11,慢一点,11,14,软件&性能,负面
758,_, , ,还不错,17,20,整体,正面
759,_, , ,问题特别大,14,19,整体,负面
759,主板,22,24,坏的概率大,24,29,硬件&性能,负面
759,屏幕,32,34,花屏,34,36,硬件&性能,负面
759,售后,48,50,处理的无语,50,55,服务,负面
760,_, , ,垃圾,0,2,整体,负面
760,屏幕,8,10,不清晰,10,13,硬件&性能,负面
760,屏幕,8,10,反光,14,16,硬件&性能,负面
760,反应速度,17,21,还可以,21,24,硬件&性能,负面
760,开机时间,25,29,长,29,30,硬件&性能,负面
761,_, , ,很好用,2,5,整体,正面
761,_, , ,非常的喜欢,6,11,整体,正面
761,打游戏,12,15,一点都不卡,18,23,使用场景,正面
761,看电影,15,18,一点都不卡,18,23,使用场景,正面
761,_, , ,双系统,26,29,软件&性能,正面
761,_, , ,棒棒的,31,34,整体,正面
762,_, , ,体验极差,28,32,整体,负面
763,配置,0,2,很高,2,4,硬件&性能,正面
763,外观,5,7,很好看,7,10,外观,正面
763,玩游戏,11,14,一点都不卡,14,19,使用场景,正面
764,价格,2,4,便宜,4,6,价格,正面
764,看看电影,9,13,没什么问题,15,20,使用场景,正面
764,颜色,21,23,好看,24,26,外观,正面
765,_, , ,还可以,0,3,整体,正面
765,_, , ,不错,4,6,整体,正面
765,_, , ,物有所值,7,11,价格,正面
766,外观造型,2,6,时尚,6,8,外观,正面
766,速度,9,11,也快,11,13,硬件&性能,正面
766,_, , ,容易发热,16,20,硬件&性能,正面
767,接口,0,2,太紧了,2,5,硬件&性能,负面
768,外形,6,8,很不错,11,14,外观,正面
768,开机速度,22,26,很快,26,28,硬件&性能,正面
769,_, , ,还不错,8,11,整体,正面
769,运行,12,14,可以,14,16,硬件&性能,正面
770,_, , ,开心,6,8,整体,正面
770,包装,18,20,很严实,20,23,包装,正面
770,包装,18,20,没有损伤,24,28,包装,正面
770,_, , ,方便,35,37,外观,正面
771,外观,2,4,很漂亮,4,7,外观,正面
771,_, , ,没感觉什么不好,12,19,整体,正面
772,性能,2,4,特别好,4,7,硬件&性能,正面
772,外观,8,10,很好看,10,13,外观,正面
772,声音,14,16,挺大的,16,19,硬件&性能,正面
772,键盘,20,22,挺舒服的,25,29,硬件&性能,正面
772,价格,30,32,适中,34,36,价格,正面
772,_, , ,挺好的,36,39,整体,正面
773,鼠标触摸盘,0,5,感觉松,5,8,硬件&性能,负面
774,_, , ,老是蓝屏,5,9,硬件&性能,负面
775,_, , ,不给保价,0,4,价格,负面
776,颜色,14,16,不错,20,22,外观,正面
776,手感,17,19,不错,20,22,外观,正面
777,性能,0,2,好,2,3,硬件&性能,正面
777,_, , ,很好用,5,8,整体,正面
778,_, , ,不错,0,2,整体,正面
778,屏幕,3,5,够大,5,7,硬件&性能,正面
779,_, , ,美观大方,9,13,外观,正面
779,_, , ,很好用,14,17,整体,正面
779,_, , ,很顺畅,20,23,硬件&性能,正面
779,_, , ,满意,24,26,整体,正面
780,质量,2,4,不错,4,6,整体,正面
780,网速,7,9,快,9,10,硬件&性能,正面
780,下载东西,11,15,不卡顿,15,18,使用场景,正面
780,颜色,19,21,大气,22,24,外观,正面
780,屏幕分辨率,25,30,清晰,31,33,硬件&性能,正面
780,_, , ,很喜欢,34,37,整体,正面
781,_, , ,刚买完就降价,9,15,价格,负面
782,_, , ,非常不错,4,8,整体,正面
782,价格,9,11,实惠,11,13,价格,正面
782,使用,14,16,顺畅,16,18,使用场景,正面
782,逛淘宝,18,21,够用,28,30,使用场景,正面
782,逛网页,21,24,够用,28,30,使用场景,正面
782,看新闻,24,27,够用,28,30,使用场景,正面
782,_, , ,非常好用,31,35,整体,正面
783,看电影,0,3,发烫,4,6,使用场景,负面
784,_, , ,不错,10,12,整体,正面
785,速度,0,2,快,2,3,硬件&性能,正面
785,性能,4,6,好,6,7,硬件&性能,正面
785,_, , ,比较好,14,17,整体,正面
786,外观,0,2,还行,2,4,外观,正面
786,散热,5,7,比较容易发烫,9,15,硬件&性能,负面
786,屏幕,24,26,有白色的东西,28,34,硬件&性能,负面
787,_, , ,很漂亮,0,3,外观,正面
787,款式,9,11,喜欢,6,8,外观,正面
787,开机显示,12,16,很快,16,18,硬件&性能,正面
788,_, , ,非常好,2,5,整体,正面
788,性价比,6,9,超值,9,11,价格,正面
789,_, , ,非常好,0,3,整体,正面
789,服务态度,4,8,也好,8,10,服务,正面
789,_, , ,很满意,11,14,整体,正面
790,性能,2,4,很好,4,6,硬件&性能,正面
790,操作,7,9,很流畅,9,12,使用场景,正面
791,客服,5,7,不理人,8,11,服务,负面
791,赠品,15,17,没有,18,20,价格,负面
792,外观,0,2,很漂亮,2,5,外观,正面
792,_, , ,超薄,6,8,外观,正面
792,_, , ,方便携带,10,14,外观,正面
792,性能,15,17,好,17,18,硬件&性能,正面
792,速度,19,21,快,21,22,硬件&性能,正面
792,_, , ,非常满意,23,27,整体,正面
793,声音,0,2,比较大,2,5,硬件&性能,负面
794,_, , ,买了几天就又降价,0,8,价格,负面
795,_, , ,垃圾,0,2,整体,负面
795,_, , ,不值这个价,5,10,价格,负面
796,显卡效果,0,4,不错,7,9,硬件&性能,正面
796,性能,12,14,流畅到爆炸,15,20,硬件&性能,正面
796,性价比,21,24,超高,24,26,价格,正面
797,_, , ,不错,9,11,整体,正面
797,_, , ,很棒,12,14,整体,正面
798,性价比,10,13,高,13,14,价格,正面
798,游戏,15,17,不卡不顿,17,21,使用场景,正面
798,外观,22,24,特别好看,25,29,外观,正面
799,_, , ,特别好用,2,6,整体,正面
799,画面清晰度,7,12,很好,13,15,硬件&性能,正面
799,价格,18,20,特别值,20,23,价格,正面
800,_, , ,深空灰,0,3,外观,正面
800,_, , ,挺好看的,4,8,外观,正面
800,_, , ,挺流畅的,18,22,硬件&性能,正面
800,_, , ,不错,29,31,整体,正面
801,配套,5,7,很齐全,7,10,硬件&性能,正面
801,画面,11,13,很清晰,13,16,硬件&性能,正面
801,玩游戏,17,20,一点都不卡,20,25,使用场景,正面
801,_, , ,超薄,32,34,外观,正面
801,_, , ,非常满意,37,41,整体,正面
801,_, , ,非常喜欢,41,45,整体,正面
802,_, , ,蓝屏,0,2,硬件&性能,负面
803,店家服务,8,12,非常好,12,15,服务,正面
803,客服,23,25,非常耐心,26,30,服务,正面
803,_, , ,非常满意,42,46,整体,正面
804,_, , ,真的很垃圾,0,5,整体,负面
804,换货,31,33,没人处理,36,40,服务,负面
805,外观设计,2,6,很简约,6,9,外观,正面
805,外观设计,2,6,很好看,9,12,外观,正面
805,运行,15,17,十分流畅,18,22,硬件&性能,正面
805,物流,23,25,很快,26,28,物流,正面
806,画面,5,7,很好很满意,7,12,硬件&性能,正面
806,_, , ,很舒服,15,18,整体,正面
806,性能,21,23,一点不卡,26,30,硬件&性能,正面
806,玩吃鸡,31,34,很流畅,34,37,使用场景,正面
806,外观,43,45,很好看,45,48,外观,正面
806,_, , ,超级喜欢,49,53,整体,正面
806,_, , ,很酷,53,55,外观,正面
807,触控板,0,3,真难用,4,7,硬件&性能,负面
807,散热,8,10,略渣,10,12,硬件&性能,负面
807,做工,13,15,一般,15,17,其他,中性
808,U盘插口,3,7,无法使用,7,11,硬件&性能,负面
809,整体效果,0,4,还不错,4,7,整体,正面
809,性价比,8,11,高,11,12,价格,正面
810,_, , ,好评,2,4,整体,正面
811,_, , ,可以,0,2,整体,正面
811,_, , ,很流畅,9,12,硬件&性能,正面
812,_, , ,挺好,2,4,整体,负面
812,_, , ,不能保价,19,23,价格,负面
812,_, , ,退也退不了,24,29,服务,负面
813,_, , ,非常好,2,5,整体,正面
813,运行,6,8,很流畅,8,11,硬件&性能,正面
814,音质,7,9,_, , ,硬件&性能,负面
814,_, , ,杂音,30,32,硬件&性能,负面
814,购物体验,61,65,差,59,60,服务,负面
815,_, , ,挺好的,0,3,整体,正面
815,_, , ,很喜欢,4,7,整体,正面
815,_, , ,略重,15,17,外观,负面
816,包裹,0,2,挺好的,2,5,包装,正面
817,_, , ,轻薄小巧,3,7,外观,正面
817,_, , ,方便携带,8,12,外观,正面
817,整体配置,13,17,不错,18,20,硬件&性能,正面
817,显示屏,21,24,清晰盈亮,24,28,硬件&性能,正面
817,办公商务,31,35,绰绰有余,35,39,使用场景,正面
817,玩起游戏,40,44,不卡很顺畅,45,50,使用场景,正面
817,性价比,51,54,高,54,55,价格,正面
818,小功能,17,20,很多,15,17,整体,正面
818,_, , ,很满意,0,3,整体,正面
818,_, , ,还不错,6,9,整体,正面
818,_, , ,很喜欢,10,13,整体,正面
819,客服,0,2,很好,2,4,服务,正面
819,客服,0,2,很耐心,4,7,服务,正面
819,_, , ,很棒,22,24,整体,正面
820,_, , ,还可以,6,9,整体,正面
821,售后,2,4,耐心,5,7,服务,正面
821,_, , ,很流畅,26,29,硬件&性能,正面
822,_, , ,差评,0,2,整体,负面
822,_, , ,太差了,55,58,整体,负面
823,质量,0,2,好,2,3,整体,正面
824,_, , ,买几天就降了,22,28,价格,负面
825,_, , ,很不安,0,3,整体,正面
825,质量,9,11,好,11,12,整体,正面
825,价格,12,14,实惠,14,16,价格,正面
825,屏幕清晰度,17,22,非常不错,22,26,硬件&性能,正面
826,包装,6,8,精美严实,12,16,包装,正面
826,_, , ,很不错,24,27,整体,正面
826,_, , ,高颜值,32,35,外观,正面
826,_, , ,高性能,36,39,硬件&性能,正面
826,_, , ,全5星,46,49,整体,正面
827,_, , ,挺好,0,2,整体,正面
827,速度,3,5,挺快,5,7,硬件&性能,正面
827,_, , ,很酷,11,13,外观,正面
828,_, , ,很不错,0,3,整体,正面
828,_, , ,大红色,9,12,外观,正面
828,开机,14,16,很快,16,18,硬件&性能,正面
828,_, , ,挺轻巧的,19,23,外观,正面
828,_, , ,好评,32,34,整体,正面
828,办公,26,28,很合适,28,31,使用场景,正面
829,_, , ,真的还不错,11,16,整体,正面
829,运行效果,21,25,极好,25,27,硬件&性能,正面
829,_, , ,不卡顿,17,20,硬件&性能,正面
830,_, , ,真的不好散热,31,37,硬件&性能,负面
831,_, , ,还不错,0,3,整体,正面
831,运行,4,6,很快,6,8,硬件&性能,正面
831,运行,4,6,很稳定,8,11,硬件&性能,正面
831,屏幕分辨率,12,17,高,17,18,硬件&性能,正面
831,价格,19,21,实惠,21,23,价格,正面
831,_, , ,真的非常满意,24,30,整体,正面
832,运行,0,2,流畅,2,4,硬件&性能,正面
832,内存,5,7,大,7,8,硬件&性能,正面
832,_, , ,不卡顿,9,12,硬件&性能,正面
832,画质,13,15,清晰,15,17,硬件&性能,正面
832,_, , ,很好用,18,21,整体,正面
833,吃鸡,0,2,完没运行,6,10,使用场景,正面
833,风扇声音,13,17,很大,17,19,硬件&性能,负面
834,性能,2,4,不错,4,6,硬件&性能,正面
834,显卡效果,7,11,好,11,12,硬件&性能,正面
834,_, , ,挺流畅,16,19,硬件&性能,正面
835,_, , ,不习惯,7,10,使用场景,负面
836,_, , ,很好,0,2,整体,正面
836,客服小姐姐,7,12,_, , ,服务,正面
836,售后小弟弟,13,18,_, , ,服务,正面
836,_, , ,一个小瑕疵,26,31,整体,负面
836,_, , ,不影响,39,42,整体,正面
837,_, , ,非常不错,2,6,整体,正面
837,店家,7,9,很贴心,10,13,服务,正面
837,物流,14,16,很快,17,19,物流,正面
838,_, , ,好,14,15,整体,正面
838,速度,16,18,很快,18,20,硬件&性能,正面
838,_, , ,满意,20,22,整体,正面
839,_, , ,轻薄,2,4,外观,正面
839,显示屏,5,8,清晰,8,10,硬件&性能,正面
839,上网,11,13,一点也不卡,16,21,使用场景,正面
839,打游戏,13,16,一点也不卡,16,21,使用场景,正面
839,价格,24,26,可以,26,28,价格,正面
839,_, , ,很满意,30,33,整体,正面
840,_, , ,好评,0,2,整体,正面
840,质量,3,5,挺好的,5,8,整体,正面
840,_, , ,满意,9,11,整体,正面
841,_, , ,还不错,6,9,整体,正面
841,开机速度,11,15,快,15,16,硬件&性能,正面
841,屏幕,17,19,清晰,19,21,硬件&性能,正面
842,_, , ,不错,0,2,整体,正面
842,_, , ,物有所值,5,9,价格,正面
842,_, , ,9成新,9,12,外观,正面
842,_, , ,可以,20,22,整体,正面
843,_, , ,非常实惠,0,4,价格,正面
843,运行,5,7,流畅,7,9,硬件&性能,正面
843,性价比,10,13,高,13,14,价格,正面
844,手感,2,4,好棒,4,6,外观,正面
844,_, , ,好喜欢,12,15,整体,正面
845,_, , ,挺好,8,10,整体,正面
845,价格,11,13,比实体店便宜,13,19,价格,正面
846,_, , ,才买到手就降价,0,7,价格,负面
847,外观,0,2,超薄好看,2,6,外观,正面
847,网速,6,8,很快不卡,8,12,硬件&性能,正面
847,_, , ,非常满意,13,17,整体,正面
848,_, , ,挺好用的,6,10,整体,正面
848,开机舒服,11,15,快,15,16,硬件&性能,正面
848,运行舒服,16,20,还行,20,22,硬件&性能,正面
848,总体,23,25,还可以,27,30,整体,正面
848,_, , ,好评,31,33,整体,正面
849,画面,6,8,清晰,8,10,硬件&性能,正面
849,网速,11,13,很看,13,15,硬件&性能,正面
849,_, , ,不卡顿,16,19,硬件&性能,正面
849,外观材质,20,24,很好,25,27,外观,正面
849,_, , ,很满意,28,31,整体,正面
850,办公,2,4,可以,4,6,使用场景,正面
850,_, , ,有点卡顿,10,14,硬件&性能,负面
850,客服,17,19,给0分,19,22,服务,负面
850,官方客服,23,27,给满分,27,30,服务,正面
851,运行速度,0,4,很快,4,6,硬件&性能,正面
851,玩游戏,6,9,一点都不卡,9,14,使用场景,正面
851,显示,15,17,清晰,17,19,硬件&性能,正面
851,音质,20,22,不错,22,24,硬件&性能,正面
851,外观,25,27,时尚大气,27,31,外观,正面
852,_, , ,不行,3,5,整体,负面
852,接口转换器,8,13,时灵时不灵,13,18,硬件&性能,负面
852,操作,19,21,一般,23,25,使用场景,中性
852,_, , ,不好用,26,29,整体,负面
853,性能,2,4,很流畅,5,8,硬件&性能,正面
853,性能,2,4,不卡,9,11,硬件&性能,正面
853,显卡效果,12,16,很清晰,17,20,硬件&性能,正面
853,显卡效果,12,16,特别好,21,24,硬件&性能,正面
854,鼠标,27,29,在屏幕上乱动,29,35,硬件&性能,负面
854,_, , ,太卡,38,40,硬件&性能,负面
855,流畅度,20,23,严重失衡,23,27,硬件&性能,负面
855,_, , ,死机,33,35,硬件&性能,负面
855,_, , ,真垃圾,0,3,整体,负面
856,背面板,0,3,很薄,3,5,外观,中性
856,塑料感,6,9,很强,9,11,外观,负面
856,开机,13,15,挺快的,15,18,硬件&性能,正面
857,_, , ,很好,2,4,整体,正面
857,外观,5,7,很好看,8,11,外观,正面
857,_, , ,是正品,13,16,真伪,正面
857,_, , ,真的很好,36,40,整体,正面
858,物流,5,7,很快,7,9,物流,正面
858,质量,10,12,不错,12,14,整体,正面
858,做工,15,17,精细,17,19,外观,正面
858,外观,20,22,高端大气上档次,22,29,外观,正面
858,_, , ,很顺畅,33,36,硬件&性能,正面
858,画画,37,39,清晰,39,41,使用场景,正面
858,_, , ,满意,48,50,整体,正面
858,_, , ,一点也不卡,42,47,硬件&性能,正面
859,_, , ,隔天就降价,32,37,价格,负面
860,_, , ,可以,0,2,整体,正面
860,_, , ,不错,3,5,整体,正面
861,运营,0,2,很快,2,4,硬件&性能,正面
862,_, , ,差,0,1,整体,负面
862,_, , ,卡,4,5,整体,负面
863,外观,5,7,很漂亮,7,10,外观,正面
863,操作,12,14,很流畅,14,17,使用场景,正面
863,客服,19,21,很有耐心,21,25,服务,正面
863,快递,38,40,没有磕碰,43,47,物流,正面
864,_, , ,很不错,6,9,整体,正面
864,_, , ,物超所值,10,14,价格,正面
865,_, , ,降价,5,7,价格,负面
866,_, , ,喜欢,16,18,整体,正面
866,_, , ,大爱,19,21,整体,正面
867,_, , ,非常满意,0,4,整体,正面
867,_, , ,真的很喜欢,5,10,整体,正面
868,手感,3,5,非常好,5,8,外观,正面
868,显屏效果,9,13,非常不错,13,17,硬件&性能,正面
868,运行速度,18,22,很快,22,24,硬件&性能,正面
869,外观,6,8,挺不错,11,14,外观,正面
869,_, , ,挺不错的,21,25,整体,正面
870,系统,6,8,非常流畅,8,12,软件&性能,正面
870,外观,13,15,很好看,16,19,外观,正面
870,性价比,20,23,非常高,23,26,价格,正面
870,_, , ,非常喜欢,27,31,整体,正面
871,_, , ,不怎么样,0,4,整体,负面
871,代理点,15,18,还要收费,18,22,服务,负面
