1,_,是正品,真伪,正面
1,_,白嫩,使用体验,正面
1,_,不错,整体,正面
2,颜色,明显,功效,正面
2,_,喜欢,整体,正面
3,_,挺细腻的,使用体验,正面
4,_,还行吧,整体,正面
5,_,不错,整体,正面
6,_,很细腻,使用体验,正面
6,_,贴合肤色,功效,正面
6,_,很好,整体,正面
7,_,特别好用,整体,正面
7,_,很喜欢,整体,正面
8,_,好评,整体,正面
9,_,还可以,整体,正面
10,_,不错,整体,正面
11,_,不错,整体,正面
11,_,没有油腻的,使用体验,正面
11,_,很清爽,使用体验,正面
11,_,水润,使用体验,正面
12,包装,一般,包装,正面
12,_,还行,整体,正面
13,_,一般般,整体,中性
14,_,不错,整体,正面
15,物流速度,快,物流,正面
15,包装质量,_,包装,负面
15,_,裂了,包装,负面
15,_,很不爽,整体,负面
16,_,好用,整体,正面
17,发货速度,快,物流,正面
18,_,很喜欢,整体,正面
18,_,很好用,整体,正面
19,_,很好,整体,正面
19,_,不错,整体,正面
19,_,给力,整体,正面
19,_,大赞,整体,正面
19,_,喜欢,整体,正面
20,_,自然,功效,正面
20,_,不油腻,使用体验,正面
21,_,挺好用的,整体,正面
21,_,好评,整体,正面
22,_,最合适,整体,正面
22,_,比较干净,功效,正面
23,_,很不错,整体,正面
23,_,很贴肤,使用体验,正面
23,_,细腻,使用体验,正面
24,_,不错,整体,正面
25,_,时优,价格,正面
26,_,很好用,整体,正面
26,_,太贵了,价格,负面
26,_,有点干,使用体验,负面
27,_,真心不错,整体,正面
28,成膜,较慢,使用体验,负面
28,_,油腻,使用体验,负面
28,_,一般,整体,中性
29,_,很好用,整体,正面
29,_,很温和,使用体验,正面
30,_,还可以,整体,正面
30,_,有些发白,功效,负面
31,_,不错,整体,正面
31,_,非常好,整体,正面
32,卸妆,干净,功效,正面
32,_,好评,整体,正面
33,_,好用,整体,正面
33,_,很自然,功效,正面
34,_,快,物流,正面
34,_,很好,整体,正面
34,_,不错,整体,正面
35,_,不合适,整体,负面
35,_,有刺激性,使用体验,负面
35,_,有些痒,使用体验,负面
35,_,很不舒服,使用体验,负面
36,快递,很快,物流,正面
37,速度,很快,物流,正面
37,_,很划算,价格,正面
38,包装,不错,包装,正面
38,_,很水润,使用体验,正面
39,物流,很快,物流,正面
39,快递小哥服务,很好,物流,正面
39,_,是真的,真伪,正面
40,_,20ml特,价格,正面
41,_,水水的,使用体验,正面
41,_,很好用,整体,正面
41,_,不紧绷,使用体验,正面
42,_,一般,整体,中性
43,酒精味,重,气味,负面
43,_,挺好用的,整体,正面
44,_,很喜欢,整体,正面
45,_,很好,整体,正面
46,_,还可以,整体,正面
47,味道,没有刺鼻的,气味,正面
47,_,非常不错,整体,正面
47,_,很温和,使用体验,正面
48,_,还行,整体,正面
48,_,不错,整体,正面
49,盒子,没有,包装,负面
49,发货,_,物流,正面
49,_,太垃圾了,整体,负面
50,香味,淡淡的,气味,正面
50,_,还不错,整体,正面
51,_,不错,整体,正面
52,_,好用,整体,正面
52,_,显白,功效,正面
52,_,不油腻,使用体验,正面
53,价格,挺便宜的,价格,正面
54,快递速度,快,物流,正面
54,快递小哥,点赞,物流,正面
54,_,不错,整体,正面
55,_,很不错,整体,正面
55,_,实惠,价格,正面
56,_,很喜欢,整体,正面
57,_,不怎么好用,整体,负面
58,_,亲肤,使用体验,正面
58,_,柔和,使用体验,正面
58,_,满意,整体,正面
59,_,辣眼睛疼,使用体验,负面
60,_,非常好,整体,正面
60,_,很滑,使用体验,正面
60,_,很嫩,使用体验,正面
61,_,好,整体,正面
62,_,不好用,整体,负面
62,_,不适合,整体,负面
63,活动,_,价格,正面
63,_,特别合适,整体,正面
64,_,很适合,整体,正面
64,_,不错,整体,正面
65,送货师傅,很给力,物流,正面
65,_,不错,整体,正面
66,物流,很快,物流,正面
66,_,还可以,整体,正面
67,_,好用,整体,正面
68,物流,非常快,物流,正面
68,包装,不错,包装,正面
69,快递,是给力,物流,正面
70,_,还可以,整体,正面
71,_,保湿,功效,正面
71,_,滋润,使用体验,正面
71,_,挺好的,整体,正面
72,包装,很一般,包装,正面
73,_,过敏,使用体验,负面
73,_,长红色的,使用体验,负面
74,_,_,_,_
75,活动,非常划算,价格,正面
75,_,真心不错,整体,正面
75,_,温和,使用体验,正面
75,_,不刺激,使用体验,正面
76,_,很好用,整体,正面
77,_,好评,整体,正面
77,_,好好用,整体,正面
77,_,无刺激,使用体验,正面
78,价格,便宜,价格,正面
78,性价比,高,价格,正面
78,包装,不错,包装,正面
78,_,还可以,整体,正面
79,包装,很好,包装,正面
79,快递,快,物流,正面
80,_,还不错,整体,正面
80,补水效果,_,功效,正面
81,_,很好用的,整体,正面
82,物流,很快,物流,正面
82,_,不错,整体,正面
83,_,还行,整体,正面
84,_,还不错,整体,正面
85,设计,很喜欢,其他,正面
86,修复,得很好,功效,正面
86,_,很好用,整体,正面
86,_,光光滑的,使用体验,正面
86,_,超喜欢的,整体,正面
87,速度,很快,物流,正面
87,_,水润润,使用体验,正面
87,_,好评,整体,正面
88,_,很温和,使用体验,正面
88,_,很清爽,使用体验,正面
88,_,不紧绷,使用体验,正面
88,_,很划算,价格,正面
89,_,非常好用,整体,正面
90,_,不错,整体,正面
91,_,挺好的,整体,正面
91,_,不错的,整体,正面
92,味道,不是很喜欢,气味,负面
93,味道,特别好闻,气味,正面
93,_,很好用,整体,正面
93,_,很细腻,使用体验,正面
94,价格,优惠,价格,正面
94,_,满意,整体,正面
95,_,挺好的,整体,正面
96,精华液,挺多,成分,正面
96,_,特别滑,使用体验,正面
96,_,好评,整体,正面
97,包装,精美,包装,正面
97,价格,实惠,价格,正面
98,_,很不错,整体,正面
98,_,非常喜欢,整体,正面
98,快递,_,物流,正面
99,补水效果,较好,功效,正面
100,补水效果,特别好,功效,正面
100,_,特别水润,使用体验,正面
101,性价比,高,价格,正面
101,_,还可以的,整体,正面
102,味道,淡淡的,气味,正面
102,_,不油腻,使用体验,正面
102,包装,_,包装,正面
103,_,很喜欢,整体,正面
103,_,水水的,使用体验,正面
104,_,可以,整体,正面
104,_,便宜,价格,正面
104,_,实惠,价格,正面
105,_,还可以,整体,正面
105,_,太硬了,使用体验,负面
106,活动,_,价格,正面
106,_,超级好用,整体,正面
107,_,很不错,整体,正面
108,_,不错,整体,正面
109,送货,快,物流,正面
109,_,很好用,整体,正面
110,味道,还行,气味,正面
111,性价比,很高,价格,正面
111,_,还不错,整体,正面
112,香味,浓郁,气味,正面
112,遮瑕效果,非常好,功效,正面
112,_,是正品,真伪,正面
113,保湿效果,不错,功效,正面
113,_,挺好用的,整体,正面
114,_,非常好用,整体,正面
115,_,很好用,整体,正面
116,_,_,_,_
117,_,很快,物流,正面
117,_,挺好的,整体,正面
118,价格,合适,价格,正面
118,_,不贵,价格,正面
118,_,好用,整体,正面
119,性价比,最高,价格,正面
119,物流,很快,物流,正面
119,_,是正品,真伪,正面
119,_,很好用,整体,正面
120,_,挺好的,整体,正面
120,_,不错,整体,正面
121,_,挺好的,整体,正面
122,味道,不好闻,气味,负面
122,_,很次,整体,负面
122,赠品,_,价格,正面
123,_,可以,整体,正面
124,_,很好用,整体,正面
125,_,好用,整体,正面
125,_,不贵,价格,正面
126,_,不错,整体,正面
126,_,好用,整体,正面
127,送货速度,很快,物流,正面
127,_,好用,整体,正面
127,_,挺清爽的,使用体验,正面
127,_,很方便,整体,正面
127,_,优惠,价格,正面
128,_,还可以,整体,正面
129,_,不怎么样,整体,负面
130,发货,快,物流,正面
130,盒子,很漂亮,包装,正面
130,_,物美价廉,价格,正面
131,活动,_,价格,正面
132,_,不好,整体,负面
133,快递,慢,物流,正面
133,_,一般般,整体,中性
134,物流,快,物流,正面
135,赠品,没有,价格,负面
135,价格,差不多,价格,正面
136,_,好用,整体,正面
136,_,不干,使用体验,正面
136,_,很舒服,使用体验,正面
137,水份,多,成分,正面
137,价格,便宜,价格,正面
137,_,不紧,使用体验,正面
138,_,超级补水,功效,正面
138,_,超级划算,价格,正面
138,_,五星好评,整体,正面
139,_,_,_,_
140,送货,快,物流,正面
141,补水效果,很好,功效,正面
141,_,很好用,整体,正面
141,_,滋润,使用体验,正面
141,_,服帖,使用体验,正面
142,补水,特别好,功效,正面
142,_,很喜欢,整体,正面
143,_,挺实惠,价格,正面
143,_,蛮好用,整体,正面
143,_,很滋润,使用体验,正面
144,物流,很快,物流,正面
144,赠品,多,价格,正面
144,_,很好用,整体,正面
145,物流,杠杠的,物流,正面
145,包装,不错,包装,正面
146,_,特别轻薄,使用体验,正面
146,_,透气,使用体验,正面
146,_,补水,功效,正面
147,_,还可以,整体,正面
148,补水效果,特别好,功效,正面
149,吸收效果,不是太好,使用体验,负面
149,_,还可以,整体,正面
150,_,很好,整体,正面
150,_,点增白的效果,功效,正面
151,_,好评,整体,正面
152,_,不是太喜欢,整体,负面
153,配送员服务,超好,物流,正面
153,_,超级不错,整体,正面
153,_,细腻,使用体验,正面
153,_,点赞,整体,正面
154,_,搓泥,使用体验,负面
155,送货,快,物流,正面
155,_,经济,价格,正面
155,_,实惠,价格,正面
155,速度,_,物流,正面
156,_,很好用,整体,正面
157,_,_,_,_
158,遮暇力度,不够,功效,负面
158,上妆,服帖,功效,正面
158,性价比,超高,价格,正面
158,_,不油腻,使用体验,正面
158,_,喜欢,整体,正面
159,_,是正品,真伪,正面
160,_,不错,整体,正面
160,_,非常滋润,使用体验,正面
161,_,很好用,整体,正面
161,_,很实惠,价格,正面
162,物流,很快,物流,正面
162,价格,实惠,价格,正面
162,_,挺好,整体,正面
163,卸妆,很温和,功效,正面
163,_,挺好用的,整体,正面
163,_,很清爽,使用体验,正面
163,_,不伤皮肤,使用体验,正面
164,_,湿了,使用体验,负面
164,_,不好,整体,负面
165,物流速度,不错,物流,正面
165,_,很喜欢,整体,正面
166,_,挺好用的,整体,正面
167,_,非常不错,整体,正面
167,_,实惠,价格,正面
168,_,挺好用的,整体,正面
168,_,挺滋润的,使用体验,正面
169,_,好评,整体,正面
169,_,好用,整体,正面
170,_,_,_,_
171,_,洗不干净,功效,负面
171,_,便宜,价格,正面
172,吸收,快,使用体验,正面
172,活动,给力,价格,正面
172,_,超级滋润,使用体验,正面
173,包装,_,包装,负面
174,_,不错,整体,正面
174,_,很好闻,气味,正面
174,_,很好,整体,正面
175,_,很好用,整体,正面
176,遮瑕,有点点卡粉,功效,负面
177,_,一如既往的好,整体,正面
178,补水效果,挺好的,功效,正面
178,_,挺满意的,整体,正面
178,_,还不错,整体,正面
178,_,有点紧绷,使用体验,负面
179,_,物超所值,整体,正面
179,_,超快,物流,正面
180,成膜,挺快的,功效,正面
180,情况,挺不错的,整体,正面
180,_,易推开,使用体验,正面
180,效果,_,功效,正面
180,_,泛白,功效,正面
181,_,很好,整体,正面
181,_,不过敏,使用体验,正面
181,_,很保湿,功效,正面
181,_,不油腻,使用体验,正面
182,_,还不错,整体,正面
182,_,能遮盖红血丝,功效,正面
182,_,挺干的,使用体验,负面
183,_,很好用,整体,正面
183,_,是正品,真伪,正面
184,_,还是不错的,整体,正面
184,_,比较优惠,价格,正面
185,_,不错,整体,正面
185,_,可以,整体,正面
186,物流速度,快,物流,正面
186,_,非常不,整体,正面
187,保湿效果,很好,功效,正面
188,_,特别好用,整体,正面
188,_,赞,整体,正面
189,_,很滋润,使用体验,正面
189,_,不脱妆,使用体验,正面
189,_,挺好用的,整体,正面
190,价格,合适,价格,正面
190,_,不错,整体,正面
191,_,很不错,整体,正面
192,_,很舒服,使用体验,正面
193,_,不错,整体,正面
194,气味,很好闻,气味,正面
194,_,不是很多,其他,负面
194,_,淡淡的清香,气味,正面
195,_,一般,整体,中性
196,包装盒子,没有,包装,负面
196,_,最扣,使用体验,负面
197,_,还行,整体,正面
198,_,还可以,整体,正面
198,_,不紧绷,使用体验,正面
199,物流,很快,物流,正面
199,_,很满意,整体,正面
199,_,还不错,整体,正面
200,补水,可以,功效,正面
201,送货速度,快,物流,正面
201,_,很不错,整体,正面
201,_,很喜欢,整体,正面
201,_,棒棒的,整体,正面
202,_,很喜欢,整体,正面
203,物流,挺快的,物流,正面
203,_,挺好的,整体,正面
203,_,好评,整体,正面
204,_,还可以,整体,正面
205,_,很好,整体,正面
205,_,贴肤,使用体验,正面
205,_,不卡粉,使用体验,正面
206,_,很精美,价格,正面
207,香味,不重,气味,正面
207,_,很好用,整体,正面
207,_,不刺激,使用体验,正面
207,_,特别好,整体,正面
208,味道,香香的,气味,正面
208,_,挺好用的,整体,正面
208,_,很滑,使用体验,正面
208,_,很舒服,使用体验,正面
208,_,好评,整体,正面
209,速度,快,物流,正面
209,_,放心,整体,正面
210,活动,给力,价格,正面
210,_,贵些,价格,负面
211,补水效果,特别好,功效,正面
211,_,很喜欢,整体,正面
212,_,假的,真伪,负面
212,_,没有,真伪,正面
213,_,不好,整体,负面
214,_,不错,整体,正面
214,_,满意,整体,正面
215,_,非常好用,整体,正面
215,_,很干净,功效,正面
216,_,很好用,整体,正面
216,_,不油腻,使用体验,正面
217,_,不错,整体,正面
218,快递,超级给力,物流,正面
218,_,不错,整体,正面
219,成分,安全,成分,正面
219,_,很好用,整体,正面
219,活动,_,价格,正面
219,赠品,_,价格,正面
219,颜值,_,其他,正面
220,包装,挺好看的,包装,正面
220,快递小哥,_,物流,正面
221,_,不错,整体,正面
221,_,喜欢,整体,正面
222,_,很便宜,价格,正面
223,_,很好用,整体,正面
224,_,好用的,整体,正面
225,_,闷闷的,使用体验,负面
226,_,很好,整体,正面
227,_,好好用,整体,正面
227,_,很方便,整体,正面
228,速度,飞快,物流,正面
228,_,大爱,整体,正面
229,_,光滑,使用体验,正面
230,_,不过敏,使用体验,正面
230,_,很好用,整体,正面
231,物流,快,物流,正面
231,_,真心不错,整体,正面
231,_,喜欢,整体,正面
232,物流,很快,物流,正面
232,_,很好,整体,正面
232,价格,_,价格,正面
232,_,越便宜,价格,正面
233,_,物超所值,整体,正面
233,_,好评,整体,正面
234,_,一样好,整体,正面
235,_,还好,整体,正面
236,_,水润轻薄,使用体验,正面
236,_,比较保湿,功效,正面
237,_,挺好,整体,正面
238,_,贵了,价格,负面
239,吸收,很好,使用体验,正面
239,_,很喜欢,整体,正面
240,_,不错,整体,正面
241,补水,还可以,功效,正面
241,精华液,很多,成分,正面
241,_,不错,整体,正面
242,_,便宜,价格,正面
243,_,一般,整体,中性
244,_,不错,整体,正面
244,_,非常好用,整体,正面
245,速度,算是快,物流,正面
246,服务,很好,服务,正面
246,性价比,高,价格,正面
246,_,很不错,整体,正面
247,_,还不错,整体,正面
248,_,很美白,功效,正面
248,味道,_,气味,正面
248,_,很舒服,使用体验,正面
248,_,很喜欢,整体,正面
248,_,大爱,整体,正面
249,_,挺好的,整体,正面
249,_,滋润,使用体验,正面
249,_,不油腻,使用体验,正面
250,_,不错,整体,正面
251,_,挺好用的,整体,正面
251,_,很服帖,使用体验,正面
251,_,自然,功效,正面
252,_,过敏,使用体验,负面
252,_,起红点,使用体验,负面
252,_,非常痛,使用体验,负面
252,_,非常恼火,整体,负面
253,_,_,_,_
254,_,一般,整体,中性
254,_,好用,整体,正面
254,_,纯补水,功效,正面
255,精华,好多,成分,正面
255,_,挺好用的,整体,正面
255,_,薄薄的,使用体验,正面
255,_,很敷贴,使用体验,正面
256,活动,不给力,价格,负面
256,_,方便,整体,正面
256,_,快捷,整体,正面
256,_,不错,整体,正面
257,_,好,整体,正面
258,_,常的好用,整体,正面
259,_,好小一瓶,尺寸,负面
260,_,摔坏了,包装,负面
260,_,感到失望,整体,负面
261,_,特便宜,价格,正面
262,_,好评,整体,正面
262,_,好用,整体,正面
263,_,物有所值,整体,正面
264,_,不好,整体,负面
265,_,还可以,整体,正面
265,_,稍微去一点,整体,正面
266,_,还可以,整体,正面
266,_,有点干,使用体验,负面
266,_,没有提亮肤色的,功效,负面
266,_,有点暗淡,使用体验,负面
267,_,好用,整体,正面
267,_,便宜,价格,正面
267,_,简单,整体,正面
267,_,通透,使用体验,正面
268,_,不错,整体,正面
269,味道,很奇怪,气味,负面
269,_,辣眼睛,使用体验,负面
270,精华,好多,成分,正面
270,_,很滋润,使用体验,正面
270,_,特别喜欢,整体,正面
271,_,好的很,整体,正面
271,_,很喜欢用,整体,正面
271,_,很滋养皮肤,功效,正面
271,_,美美哒,整体,正面
272,物流,很快,物流,正面
272,包装,完好,包装,正面
272,服务,好,物流,正面
272,_,满意,整体,正面
273,补水效果,不错,功效,正面
273,活动,不错,价格,正面
274,香味,淡淡的,气味,正面
274,_,挺好用的,整体,正面
274,_,不脱妆,使用体验,正面
275,_,很好用,整体,正面
276,遮瑕,一点也不遮瑕,功效,负面
276,_,超级差,整体,负面
277,补水效果,很好,功效,正面
277,_,很舒服,使用体验,正面
278,_,稳和,使用体验,正面
278,_,细腻,使用体验,正面
278,_,很一般,整体,中性
279,快递,很快,物流,正面
279,服务,很好,物流,正面
279,_,正品,真伪,正面
279,_,实惠,价格,正面
279,_,满意,整体,正面
280,_,真的不错,整体,正面
280,_,是正品,真伪,正面
281,味道,清淡,气味,正面
281,泡沫,很细腻,使用体验,正面
282,_,正品,真伪,正面
282,_,特别省,价格,正面
282,_,水水润润的,使用体验,正面
283,活动,_,价格,正面
283,_,超级划算的,价格,正面
283,包装,_,包装,正面
284,_,差,整体,负面
284,_,长痘痘,使用体验,负面
285,_,还不错,整体,正面
285,_,不卡粉,使用体验,正面
285,_,挺好的,整体,正面
285,_,有点小,尺寸,负面
286,_,挺好用的,整体,正面
287,_,挺好的,整体,正面
288,物流,很快,物流,正面
288,_,棒棒哒,整体,正面
289,_,挺好用的,整体,正面
290,_,真品,真伪,正面
291,补水效果,很好,功效,正面
292,_,很好用,整体,正面
293,_,不错,整体,正面
293,_,非常清爽,使用体验,正面
293,_,舒服,使用体验,正面
294,_,挺水润服帖,使用体验,正面
294,_,稍微白了点,功效,正面
294,_,接近自然色,功效,正面
295,_,长很多痘,使用体验,负面
296,_,很好用,整体,正面
297,_,还可以,整体,正面
298,_,最优惠,价格,正面
299,物流,很快,物流,正面
299,_,不错,整体,正面
299,_,很服帖,使用体验,正面
300,价格,小贵一些,价格,正面
300,_,很棒的,整体,正面
301,_,不干燥,使用体验,正面
301,_,滑滑的,使用体验,正面
302,_,真好,整体,正面
303,_,不错,整体,正面
303,_,很舒服,使用体验,正面
304,_,不错,整体,正面
304,_,好评,整体,正面
305,_,体面,整体,正面
305,_,很喜欢,整体,正面
306,_,比较实惠,价格,正面
307,_,很好用,整体,正面
308,_,不错,整体,正面
309,快递,真快,物流,正面
309,_,很满意,整体,正面
310,粉底,太少了,功效,负面
310,_,干干的,使用体验,负面
311,_,不错,整体,正面
311,_,很好用,整体,正面
312,_,很香,气味,正面
312,_,很白,功效,正面
312,_,还可以,整体,正面
313,_,不错,整体,正面
313,_,有遮瑕效,功效,正面
313,_,还提亮肤,功效,正面
314,_,有点小过份了,整体,负面
315,_,还不出错,整体,正面
315,_,挺好,整体,正面
315,_,算满意,整体,正面
315,_,相当实惠,价格,正面
316,_,很好漂亮,整体,正面
317,精华,太少,成分,正面
317,_,差评,整体,负面
317,_,太小了,尺寸,负面
317,_,不够用,整体,负面
318,上妆效果,还可以,功效,正面
319,价格,是正品,价格,正面
319,赠品,_,价格,正面
320,保湿,不错,功效,正面
320,价格,合适,价格,正面
320,_,很好,整体,正面
321,速度,超快的,物流,正面
322,_,物美价廉,价格,正面
323,包装,很好看,包装,正面
324,补水效果,很好,功效,正面
324,_,很薄的,使用体验,正面
325,价格,太高,价格,正面
326,保湿效果,很好,功效,正面
327,_,很喜欢,整体,正面
327,_,非常喜欢,整体,正面
327,_,特别好,整体,正面
327,_,很高,整体,正面
328,_,不错,整体,正面
328,_,挺好用的,整体,正面
329,_,不错,整体,正面
330,_,不错,整体,正面
331,_,很服帖,使用体验,正面
331,_,超服帖,使用体验,正面
332,_,很不错,整体,正面
332,_,有点淡,使用体验,中性
333,_,提亮肤色,功效,正面
333,_,不油腻,使用体验,正面
333,_,清新,使用体验,正面
334,味道,好闻,气味,正面
334,保湿效果,好,功效,正面
335,速度,很快,物流,正面
335,_,不错,整体,正面
336,_,很保湿,功效,正面
336,_,有点油,使用体验,负面
336,_,不提亮肤色,功效,正面
337,物流,给了,物流,正面
337,_,很好,整体,正面
337,_,不错,整体,正面
338,速度,要快,物流,正面
338,_,给力,整体,正面
339,_,有点干,使用体验,负面
340,送货,很快,物流,正面
340,_,不错,整体,正面
341,_,很好,整体,正面
341,_,很喜欢,整体,正面
342,_,粉粉嫩嫩的,使用体验,正面
342,_,非常滋润,使用体验,正面
342,_,一点不干,使用体验,正面
342,_,不油腻,使用体验,正面
342,_,很自然,功效,正面
343,泡沫,很多,使用体验,正面
343,_,不干,使用体验,正面
343,_,挺滋润的,使用体验,正面
343,_,超级划算,价格,正面
344,发货速度,快,物流,正面
344,_,很实惠,价格,正面
345,_,温和,使用体验,正面
345,_,不紧绷,使用体验,正面
346,颜值,超级高,其他,正面
346,物流,超级快,物流,正面
346,包装,_,包装,正面
346,_,太满意,整体,正面
347,补水,不错,功效,正面
347,_,非常平价,价格,正面
348,酒精味,_,气味,负面
349,_,还可以,整体,正面
349,_,还不错,整体,正面
350,_,白白的,功效,负面
350,_,会掉皮,使用体验,负面
351,_,还不错,整体,正面
352,_,没什么感觉,整体,负面
353,_,很不错,整体,正面
354,_,还算可以,整体,正面
355,持久性,可以,功效,正面
355,情况,涂厚,功效,正面
355,_,有点黏黏,使用体验,负面
356,味道,很好闻,气味,正面
356,_,还好,整体,正面
357,价格,实惠,价格,正面
357,_,还不错,整体,正面
357,_,挺好用的,整体,正面
358,保湿效果,非常好,功效,正面
359,_,不错,整体,正面
360,_,很薄,使用体验,正面
360,_,很水润,使用体验,正面
361,_,可以,整体,正面
361,_,不错,整体,正面
361,_,很清爽,使用体验,正面
361,_,不油腻,使用体验,正面
362,味道,_,气味,正面
362,_,不辣眼睛,使用体验,正面
362,_,挺好用的,整体,正面
363,_,还是油,使用体验,负面
364,_,不错,整体,正面
365,补水效果,非常好,功效,正面
366,快递,很给力,物流,正面
367,_,还可以,整体,正面
368,_,挺好的,整体,正面
368,_,超多,价格,正面
369,_,挺好用的,整体,正面
370,_,不错,整体,正面
370,_,货真价实,整体,正面
371,_,挺好用的,整体,正面
372,物流,快,物流,正面
372,颜色,好,功效,正面
372,赠品,正品,价格,正面
372,_,物超所值,整体,正面
373,包装,很好,包装,正面
373,物流,很快,物流,正面
373,_,不错,整体,正面
373,_,物美价廉,价格,正面
374,快递,好快,物流,正面
375,_,非常好,整体,正面
375,_,喜欢,整体,正面
376,货速度,快,物流,正面
377,精华,挺多的,成分,正面
377,_,很好,整体,正面
377,_,挺薄的,使用体验,正面
377,_,很舒服,使用体验,正面
378,价格,实惠,价格,正面
379,_,很保湿,功效,正面
379,_,很棒,整体,正面
380,提亮效果,还不错,功效,正面
381,日期,新鲜,新鲜度,负面
381,_,还好吧,整体,正面
382,_,不错,整体,正面
382,_,一直支持,整体,正面
383,_,很好用,整体,正面
384,_,着还,功效,正面
384,_,上比较自,功效,正面
385,味道,香香的,气味,正面
385,快递,很给力,物流,正面
385,_,超喜欢,整体,正面
386,_,挺滋润的,使用体验,正面
386,_,很服帖,使用体验,正面
386,_,很滋润,使用体验,正面
387,_,可以的,整体,正面
387,_,很好用,整体,正面
388,控油效果,没话说,功效,正面
388,_,好用多了,整体,正面
389,_,好,整体,正面
389,_,很喜欢,整体,正面
390,_,超级润,使用体验,正面
390,_,喜欢,整体,正面
390,_,天然,功效,正面
390,_,不错,整体,正面
391,_,太好用,整体,正面
392,_,还好,整体,正面
393,价格,实惠,价格,正面
393,_,非常的好用,整体,正面
393,_,轻薄,使用体验,正面
393,_,不油腻,使用体验,正面
393,_,非常容易上妆,功效,正面
394,_,很自然,功效,正面
394,_,保湿,功效,正面
394,_,滋润,使用体验,正面
394,_,淡淡香味,气味,正面
395,_,很好用,整体,正面
395,_,很喜欢,整体,正面
396,_,好干净,功效,正面
396,_,不紧绷,使用体验,正面
397,补水功能,强大,功效,正面
397,_,跟绵,使用体验,正面
398,保湿效果,确实不错,功效,正面
399,快递,_,物流,正面
399,物流,_,物流,正面
400,快递,很给力,物流,正面
400,包装,很好,包装,正面
401,_,很好用,整体,正面
401,_,很喜欢,整体,正面
402,_,挺好的,整体,正面
402,_,好用,整体,正面
403,_,非常舒服,使用体验,正面
403,_,不会特别拔干,使用体验,正面
404,_,好,整体,正面
404,_,很好,整体,正面
405,活动,很划算,价格,正面
405,_,超级好用,整体,正面
406,盖子,_,包装,负面
406,_,不上,整体,负面
406,_,差,整体,负面
407,_,好评,整体,正面
408,补水效果,相当不错,功效,正面
408,精华液,特别多,成分,正面
408,_,喜欢,整体,正面
409,_,不错,整体,正面
410,_,物美价廉,价格,正面
411,_,不错,整体,正面
411,_,非常清爽,使用体验,正面
411,_,不油腻,使用体验,正面
412,物流,很快,物流,正面
412,_,不错,整体,正面
412,活动,_,价格,正面
413,价格,很实惠,价格,正面
413,_,还可以,整体,正面
414,_,很划算,价格,正面
414,_,非常实用,整体,正面
415,_,非常喜欢,整体,正面
415,_,正品,真伪,正面
416,_,非常好用,整体,正面
417,价格,实惠,价格,正面
417,_,挺好的,整体,正面
417,_,挺好用的,整体,正面
418,_,正品,真伪,正面
418,_,很不错,整体,正面
419,_,很不错,整体,正面
419,_,方便,整体,正面
420,_,很小,尺寸,负面
421,补水效果,很好,功效,正面
421,_,很喜欢,整体,正面
422,_,非常不错,整体,正面
422,活动,_,价格,正面
423,_,均衡肤,功效,正面
424,精华,挺多的,成分,正面
424,_,蛮好的,整体,正面
425,味道,好闻,气味,正面
425,_,挺好,整体,正面
425,_,不错,整体,正面
426,物流速度,不错,物流,正面
426,_,很喜欢,整体,正面
427,_,物美价廉,价格,正面
427,_,便宜,价格,正面
427,_,实惠,价格,正面
427,_,可以的,整体,正面
428,酒精味浓,_,气味,负面
429,快递小哥服务,很不错,物流,正面
430,_,好评,整体,正面
431,物流,快,物流,正面
431,_,比较清爽,使用体验,正面
431,_,不油腻,使用体验,正面
432,_,挺不错的,整体,正面
433,物流,超级给力,物流,正面
433,_,非常快,物流,正面
433,_,非常不错,整体,正面
434,_,还不错,整体,正面
435,_,很好用,整体,正面
436,_,很好用,整体,正面
437,_,挺不错的,整体,正面
438,_,很不错,整体,正面
439,_,不油腻,使用体验,正面
439,_,好评,整体,正面
439,_,有点贵,价格,负面
440,_,很好,整体,正面
440,_,很香,气味,正面
440,_,很喜欢,整体,正面
440,_,很棒,整体,正面
441,精华,挺充足的,成分,正面
441,_,还可以,整体,正面
442,_,很好用,整体,正面
442,_,很干净,功效,正面
442,_,不紧绷,使用体验,正面
443,_,很好用,整体,正面
444,_,超级大赞,整体,正面
444,_,超级划算,价格,正面
445,味道,特别好闻,气味,正面
445,_,非常好用,整体,正面
445,_,细腻,使用体验,正面
445,_,白皙,功效,正面
446,_,很喜欢用,整体,正面
447,精华,很多,成分,正面
447,_,非常好用,整体,正面
447,_,超棒,整体,正面
448,物流,很快,物流,正面
448,_,挺好的,整体,正面
449,_,还可以,整体,正面
449,_,挺好的,整体,正面
450,_,五分好评,整体,正面
451,_,还可以,整体,正面
451,_,挺补水的,功效,正面
452,_,不错,整体,正面
452,_,很好用,整体,正面
453,保质期,稍短了些,新鲜度,负面
454,物流,很快,物流,正面
454,_,还行,整体,正面
454,_,显白,功效,正面
454,_,有点干,使用体验,负面
455,_,满心欢喜,整体,正面
456,速度,快,物流,正面
456,_,很好,整体,正面
457,快递速度,很快,物流,正面
457,_,不错,整体,正面
458,隔离效果,好,功效,正面
458,_,温和,使用体验,正面
458,_,不刺激,使用体验,正面
458,_,易卸,功效,正面
459,物流,挺快的,物流,正面
459,_,挺好的,整体,正面
460,_,挺好用的,整体,正面
460,赠品,_,价格,正面
461,_,不错,整体,正面
461,_,很好,整体,正面
462,_,很喜欢,整体,正面
463,_,不错,整体,正面
464,液体,太稀,使用体验,负面
464,_,不像正品,真伪,负面
465,配送,蛮快的,物流,正面
466,_,刺痛,使用体验,负面
466,_,过敏了,使用体验,负面
466,_,太多,其他,负面
467,配送人员服务态度,好,物流,正面
467,香味,淡淡的,气味,正面
467,_,还不错,整体,正面
468,_,特别好用,整体,正面
468,_,很喜欢,整体,正面
469,_,柔和,使用体验,正面
469,_,多泡,使用体验,正面
469,_,保湿,功效,正面
469,_,不干,使用体验,正面
469,_,很喜欢,整体,正面
470,_,挺好用的,整体,正面
471,快递,杠杠滴,物流,正面
472,_,是正品,真伪,正面
472,_,特好用,整体,正面
473,_,会刺痛,使用体验,负面
474,_,还不错,整体,正面
475,_,还不错,整体,正面
475,_,很补水,功效,正面
476,_,很划算,价格,正面
477,_,太油了,使用体验,负面
478,快递小哥,好评,物流,正面
479,赠品,_,价格,正面
480,_,润润的,使用体验,正面
480,_,易吸收,使用体验,正面
480,香味,_,气味,正面
480,_,很舒服,使用体验,正面
481,速度,很快,物流,正面
481,_,不错,整体,正面
482,上妆效果,_,功效,中性
482,_,差,整体,负面
483,物流发货,快,物流,正面
483,_,好很多,整体,正面
484,_,真心不错,整体,正面
485,吸收,挺快的,使用体验,正面
485,_,挺好用的,整体,正面
486,_,不好,整体,负面
486,_,过敏,使用体验,负面
487,_,挺好,整体,正面
488,商家服务态度,很好,服务,正面
488,_,水水的,使用体验,正面
488,_,挺好,整体,正面
489,活动,很划算,价格,正面
489,_,很好用,整体,正面
490,_,不错,整体,正面
490,_,超值,价格,正面
491,_,特别好,整体,正面
491,_,非常喜欢,整体,正面
492,包装,破烂,包装,负面
493,包装,不错,包装,正面
493,送货,快,物流,正面
493,价钱,合理,价格,正面
493,香味,淡淡的,气味,正面
493,_,很好,整体,正面
493,_,容易上色,功效,正面
493,_,很自然,功效,正面
493,_,不会浮粉,使用体验,正面
494,_,便宜,价格,正面
495,_,还好,整体,正面
496,_,还行,整体,正面
497,_,很好用,整体,正面
498,_,很好用,整体,正面
499,_,还不错,整体,正面
500,_,是正品,真伪,正面
500,_,很好,整体,正面
501,酒精味,重,气味,负面
501,_,黏黏的,使用体验,负面
501,_,不舒服,使用体验,负面
502,活动,_,价格,正面
503,_,可以啊,整体,正面
503,_,提好用的,整体,正面
504,_,很好用,整体,正面
504,_,油腻,使用体验,正面
504,_,泛白,功效,正面
504,_,还不错,整体,正面
505,_,还不错,整体,正面
506,_,确实不错,整体,正面
507,_,很好用,整体,正面
507,_,滑滑的,使用体验,正面
508,保湿效果,不错,功效,正面
508,_,很好用,整体,正面
508,_,细腻,使用体验,正面
509,_,是正品,真伪,正面
509,_,便宜,价格,正面
510,_,不错,整体,正面
510,_,喜欢,整体,正面
511,_,不错,整体,正面
512,_,还不错,整体,正面
512,_,很不错,整体,正面
513,_,好用,整体,正面
513,_,美美哒,整体,正面
514,_,清清爽爽,使用体验,正面
514,_,不油腻,使用体验,正面
514,_,很好用,整体,正面
515,包装,很满意,包装,正面
515,物流,很快,物流,正面
515,_,很好用,整体,正面
516,物流,快,物流,正面
516,配送员服务,好,物流,正面
516,包装,_,包装,正面
516,_,比较优惠,价格,正面
517,_,好用,整体,正面
518,贴敷感,挺好的,功效,正面
518,_,很实惠,价格,正面
519,_,真棒,整体,正面
519,_,满意,整体,正面
520,包装,真的不好,包装,负面
520,_,还不错,整体,正面
521,_,很多,整体,正面
521,_,吸收不了,使用体验,负面
522,泡沫,很细腻,使用体验,正面
522,味道,很好闻,气味,正面
522,_,很爱起泡沫,使用体验,正面
522,_,很温和,使用体验,正面
522,_,是正品,真伪,正面
523,_,_,_,_
524,塑料味,_,气味,负面
525,_,很好,整体,正面
526,_,很喜欢,整体,正面
527,_,很方便,整体,正面
528,_,_,_,_
529,味道,很好,气味,正面
529,_,容易推开,使用体验,正面
530,_,隐形,功效,正面
530,_,便宜,价格,正面
530,_,很好的,整体,正面
530,_,不过敏,使用体验,正面
530,_,好用,整体,正面
531,_,很自然,功效,正面
531,_,不错,整体,正面
532,祛痘印效果,不错,功效,正面
532,价位,高些,价格,正面
533,价格,实惠,价格,正面
533,性价比,不错,价格,正面
533,_,还不错,整体,正面
534,_,挺好的,整体,正面
534,_,很正,功效,正面
534,_,方便,整体,正面
535,_,好评,整体,正面
536,_,垃圾,整体,负面
537,味道,可以,气味,正面
537,_,还行,整体,正面
537,_,不是很白,功效,正面
538,性价比,非常高,价格,正面
538,物流,非常快,物流,正面
539,遮暇,一般,功效,中性
539,_,不错,整体,正面
539,_,较自然,功效,正面
540,_,太温和了,使用体验,负面
540,_,滑滑的,使用体验,负面
540,_,没什么效果,整体,负面
541,收货,挺好的,物流,正面
541,_,不错,整体,正面
542,补水,保湿,功效,正面
542,_,清爽,使用体验,正面
542,_,不油腻,使用体验,正面
543,_,_,_,_
544,补水,不错,功效,正面
544,_,挺好用的,整体,正面
545,包装,很简陋,包装,负面
546,补水效果,不错,功效,正面
547,_,正品,真伪,正面
547,_,实惠,价格,正面
548,_,很满意,整体,正面
548,_,很实惠,价格,正面
549,物流,_,物流,正面
550,物流,_,物流,正面
550,_,很满意,整体,正面
551,清洁能力,差,功效,负面
551,香味,太浓,气味,负面
551,_,不好,整体,负面
551,_,会过敏,使用体验,负面
552,_,物廉价美,价格,正面
552,_,么优惠,价格,正面
553,味道,很难形容,气味,负面
553,_,很讨厌,整体,负面
554,_,很好用,整体,正面
554,_,不卡粉,使用体验,正面
554,_,很自然,功效,正面
554,_,白了一个度,功效,正面
554,_,滑滑的,使用体验,正面
554,_,很喜欢,整体,正面
555,_,还不错,整体,正面
555,_,挺滋润,使用体验,正面
556,包装,很精致,包装,正面
556,_,是信任的,整体,正面
556,_,挺好的,整体,正面
557,快递,很快,物流,正面
557,_,很好,整体,正面
558,_,很好用,整体,正面
559,_,不错,整体,正面
560,_,不怎么好用,整体,负面
561,精华,很多,成分,正面
561,_,很舒服,使用体验,正面
562,吸收,算挺好,使用体验,正面
563,_,去黑头,功效,正面
564,补水,_,功效,正面
565,_,_,_,_
566,包装,很不错,包装,正面
566,_,还可以,整体,正面
567,_,不怎么的好,整体,负面
568,味道,大点,气味,正面
568,_,挺好的,整体,正面
568,_,调整肤色,功效,正面
568,_,蛮好用,整体,正面
568,_,不错,整体,正面
569,_,不是很白,功效,负面
569,_,不是遮暇,功效,正面
569,_,太差劲了,整体,负面
570,味道,比较大,气味,负面
570,_,不适合,整体,负面
570,_,有点太白了,功效,负面
571,_,很不错,整体,正面
572,味道,很大,气味,负面
572,_,不好用,整体,负面
572,_,洗不干净,使用体验,负面
573,气味,很清香,气味,正面
573,_,很好,整体,正面
573,_,不错,整体,正面
574,_,好划算,价格,正面
575,_,不敢用,整体,负面
576,_,还蛮好的,整体,正面
577,泡沫,细腻,使用体验,正面
577,清洁能力,强,功效,正面
577,_,非常的好用,整体,正面
577,_,温和,使用体验,正面
577,_,不刺激,使用体验,正面
578,持妆效果,还可以,功效,正面
578,_,挺干的,使用体验,负面
579,_,特别好用,整体,正面
580,店家,很有心,服务,正面
580,_,很好,整体,正面
580,_,不错,整体,正面
581,_,挺不错,整体,正面
582,保湿效果,很好,功效,正面
582,_,好用,整体,正面
582,_,滑滑的,使用体验,正面
583,_,很满意,整体,正面
583,_,很不错,整体,正面
584,_,无不适感,使用体验,正面
584,_,好,整体,正面
584,_,满意,整体,正面
585,_,比较便宜,价格,正面
585,_,粗糙,使用体验,负面
585,_,油腻,使用体验,负面
585,_,没感,整体,负面
586,_,很好,整体,正面
586,_,很喜欢,整体,正面
587,_,很不错,整体,正面
588,持久情况,还好,功效,正面
588,_,挺香的,气味,正面
589,_,是正品,真伪,正面
590,补水效果,好,功效,正面
590,_,好用,整体,正面
590,_,特别润,使用体验,正面
591,_,比较高大上,整体,正面
591,_,太土了,尺寸,负面
592,_,好用,整体,正面
592,_,不刺激皮肤,使用体验,正面
593,颜值,高,其他,正面
593,包装,很漂亮,包装,正面
593,_,该不,整体,正面
594,保湿效果,不错,功效,正面
595,快递小哥,_,物流,正面
595,速度,_,物流,正面
595,_,挺细腻,使用体验,正面
596,_,好评,整体,正面
597,_,很好,整体,正面
598,_,_,_,_
599,隔离效果,不好,功效,负面
599,_,挺白的,功效,正面
600,_,可以,整体,正面
600,_,挺好的,整体,正面
601,_,喜欢,整体,正面
601,_,不油腻,使用体验,正面
601,_,细腻,使用体验,正面
601,_,均匀,使用体验,正面
601,_,很自然,功效,正面
601,_,大爱,整体,正面
602,_,还不错,整体,正面
602,_,很自然,功效,正面
602,_,很香,气味,正面
602,赠品,_,价格,正面
603,_,_,_,_
604,保湿效果,真的不错,功效,正面
604,_,很舒服,使用体验,正面
604,_,真心不错,整体,正面
605,气色,很自然,功效,正面
605,_,非常不错,整体,正面
605,_,保湿,功效,正面
606,_,好用,整体,正面
606,_,很自然,功效,正面
606,_,耐用,整体,正面
606,_,好评,整体,正面
607,_,非常好,整体,正面
607,_,非常快,物流,正面
607,_,非常值,整体,正面
608,_,不错,整体,正面
608,_,方便,整体,正面
609,精华,很多,成分,正面
609,价格,实惠,价格,正面
609,_,挺好,整体,正面
609,_,很补水,功效,正面
610,精华,少了点,成分,正面
610,_,超级好,整体,正面
610,_,很好闻,气味,正面
610,_,喜欢,整体,正面
611,包装,非常好,包装,正面
612,价格,有点贵,价格,负面
612,_,真假,真伪,中性
613,_,还不错,整体,正面
614,_,不错,整体,正面
614,_,超级好用,整体,正面
615,味道,好闻,气味,正面
615,_,还可以,整体,正面
616,_,还不错,整体,正面
617,_,很喜欢,整体,正面
618,价格,好划算,价格,正面
618,补水效果,挺好的,功效,正面
619,_,不好用,整体,负面
619,_,浮粉严重,使用体验,负面
620,_,很好,整体,正面
621,_,还不错,整体,正面
621,_,挺好看的,整体,正面
621,_,有点偏粉,使用体验,负面
622,_,特优惠,价格,正面
623,保湿效果,非常好,功效,正面
624,_,一直用的不错,整体,正面
625,_,划算,价格,正面
625,_,很舒服,使用体验,正面
625,_,很推荐,整体,正面
626,_,很好用,整体,正面
626,_,不干,使用体验,正面
627,香味,浓郁,气味,正面
628,物流,非常满意,物流,正面
628,活动,_,价格,正面
628,_,物美价廉,价格,正面
629,速度,_,物流,正面
629,_,个快,物流,正面
629,_,很不错,整体,正面
630,物流,快捷,物流,正面
630,包装,到位,包装,正面
630,_,给力,整体,正面
630,_,严实,功效,正面
631,包装,_,包装,负面
631,_,是不是正品,真伪,中性
632,_,特别服帖,使用体验,正面
632,_,一点也不干,使用体验,正面
632,_,轻薄,使用体验,正面
632,_,透气,使用体验,正面
633,_,便宜很多,价格,正面
634,_,好小,尺寸,负面
634,_,量太少了,尺寸,负面
635,味道,没有刺鼻的,气味,正面
635,_,香香的,气味,负面
635,_,不紧绷,使用体验,正面
636,遮瑕,一般,功效,正面
636,颜色,_,功效,正面
636,_,不错,整体,正面
636,_,拔干,使用体验,负面
637,_,很好,整体,正面
637,_,非常好,整体,正面
638,送货速度,快,物流,正面
638,小哥服务,好,物流,正面
638,_,水水的,使用体验,正面
638,_,润润的,使用体验,正面
639,_,非常棒,整体,正面
639,_,很满意,整体,正面
640,水润度,还不错,使用体验,正面
641,_,_,_,_
642,_,不错,整体,正面
643,_,还不错,整体,正面
644,_,不错,整体,正面
645,_,过敏了,使用体验,负面
646,_,非常喜欢,整体,正面
647,_,是正品,真伪,正面
647,_,不错,整体,正面
648,_,很舒服,使用体验,正面
649,包装,_,包装,负面
650,_,很好,整体,正面
651,_,真心好用,整体,正面
652,_,很好,整体,正面
653,泡沫,丰富,使用体验,正面
653,清洁力,强,功效,正面
653,_,有淡香,气味,正面
653,_,喜欢,整体,正面
654,_,挺好用的,整体,正面
654,活动,_,价格,正面
654,_,很划算,价格,正面
655,味道,淡淡的,气味,正面
655,_,不起沫,使用体验,正面
655,_,有点滑,使用体验,负面
656,_,不错,整体,正面
657,保湿效果,不错,功效,正面
657,_,挺好用的,整体,正面
658,_,挺保湿的,功效,正面
658,_,不怎么干,使用体验,正面
659,_,不错,整体,正面
660,_,正品,真伪,正面
661,_,还不错,整体,正面
661,_,还可以,整体,正面
662,包装,很好,包装,正面
662,物流,快,物流,正面
663,_,很好,整体,正面
663,_,非常不错,整体,正面
664,泡沫,多,使用体验,正面
664,_,挺好的,整体,正面
664,_,保湿,功效,正面
665,_,便宜,价格,正面
665,_,一点不假,整体,正面
666,保湿效果,很好,功效,正面
666,_,很贴合,使用体验,正面
666,_,优惠,价格,正面
667,_,很好用,整体,正面
668,物流,快,物流,正面
668,_,很棒的,整体,正面
668,_,不刺激,使用体验,正面
669,_,还不错,整体,正面
669,_,很细,使用体验,正面
670,_,很不错,整体,正面
670,_,满意,整体,正面
671,快递,挺快的,物流,正面
672,补水效果,棒,功效,正面
672,精华,比较多,成分,正面
672,_,好用,整体,正面
672,_,不错,整体,正面
673,_,很好,整体,正面
673,_,很满意,整体,正面
674,气味,还好,气味,正面
674,_,便宜一些,价格,正面
674,_,优惠一点,价格,正面
675,_,不好用,整体,负面
676,_,很划算,价格,正面
676,_,很舒服,使用体验,正面
677,包装,完整,包装,正面
677,价格,实惠,价格,正面
677,快递,很快,物流,正面
677,赠品,多,价格,正面
678,_,不错,整体,正面
678,_,划算,价格,正面
679,_,很喜欢,整体,正面
680,保湿,还行,功效,正面
680,价钱,优惠,价格,正面
680,_,不卡粉,使用体验,正面
681,速度,超快,物流,正面
681,快递小哥,超级暖心,物流,正面
682,活动,_,价格,正面
682,_,超值,价格,正面
683,_,挺好的,整体,正面
684,_,很轻薄,使用体验,正面
684,_,不浮粉,使用体验,正面
685,_,还行,整体,正面
685,_,比较粘,使用体验,负面
685,_,真的便宜,价格,正面
686,遮瑕效果,不错,功效,正面
686,颜色,很提亮,功效,正面
686,_,挺好用的,整体,正面
686,_,不错,整体,正面
687,_,非常好,整体,正面
687,_,很薄,使用体验,正面
687,_,很舒服,使用体验,正面
688,_,很好用,整体,正面
689,价格,很优惠,价格,正面
689,_,很好,整体,正面
689,活动,_,价格,正面
689,_,很好用,整体,正面
690,_,还不错,整体,正面
691,物流,很快,物流,正面
691,_,不错,整体,正面
692,物流,真是快,物流,正面
692,_,不错,整体,正面
693,遮暇效果,非常不错,功效,正面
693,_,很好用,整体,正面
693,_,很好,整体,正面
694,_,便宜,价格,正面
694,_,好用,整体,正面
695,_,特别好用,整体,正面
695,_,便宜一点点,价格,正面
696,活动,_,价格,正面
696,_,实惠,价格,正面
697,包装,很精致,包装,正面
697,_,是信任的,整体,正面
697,_,挺好的,整体,正面
698,上妆,比较贴,功效,正面
698,_,好评,整体,正面
699,_,5星好评,整体,正面
700,_,不好用,整体,负面
700,_,失望,整体,负面
701,_,好用的,整体,正面
701,_,超级好看,整体,正面
702,_,很好,整体,正面
702,_,很不错,整体,正面
702,_,好评,整体,正面
703,活动力度,可以,价格,正面
703,_,划算很多,价格,正面
703,_,还可以,整体,正面
704,_,_,_,_
705,物流速度,真是快,物流,正面
705,_,生气,整体,负面
706,补水效果,不错,功效,正面
706,物流,挺快的,物流,正面
707,_,不错,整体,正面
707,_,满意,整体,正面
708,_,还不错,整体,正面
709,精华液,很卵,成分,正面
709,_,很好,整体,正面
709,_,很服贴,使用体验,正面
710,补水效果,_,功效,中性
710,_,好,整体,正面
711,_,挺好的,整体,正面
711,_,的很划,价格,正面
712,物流,很快,物流,正面
712,_,好,整体,正面
713,_,挺好用,整体,正面
713,_,挺干净的,功效,正面
714,_,不错,整体,正面
715,物流,超快,物流,正面
715,_,不错,整体,正面
715,_,很棒,整体,正面
716,补水效果,还不错,功效,正面
717,泡沫,细腻,使用体验,正面
717,_,凉凉的,使用体验,正面
717,_,滑滑滴,使用体验,正面
717,_,还算满意,整体,正面
718,_,挺好的,整体,正面
718,_,改变肤色,功效,正面
719,_,不好,整体,负面
719,_,过敏了,使用体验,负面
720,美白效果,不错,功效,正面
720,_,超实惠,价格,正面
720,_,不油腻,使用体验,正面
720,_,挺好的,整体,正面
720,_,挺好,整体,正面
721,_,不错,整体,正面
722,_,清爽,使用体验,正面
722,_,长痘痘,使用体验,负面
723,_,一般,整体,中性
724,_,还不错,整体,正面
725,_,好评,整体,正面
725,_,挺好用的,整体,正面
725,_,不过敏,使用体验,正面
726,发货,快,物流,正面
726,价钱,便宜,价格,正面
726,_,是正品,真伪,正面
727,_,补水,功效,正面
727,_,紫色很,功效,正面
728,精华,少了点,成分,正面
728,_,还可以,整体,正面
729,_,很好用,整体,正面
730,_,不错,整体,正面
731,_,一般,整体,中性
731,_,不怎么控油,功效,负面
731,_,有点涩,使用体验,负面
732,_,很不错,整体,正面
732,_,很喜欢,整体,正面
733,_,一般,整体,中性
734,性价比,高,价格,正面
734,_,很好用,整体,正面
734,_,细腻,使用体验,正面
734,_,光滑,使用体验,正面
734,_,水润,使用体验,正面
735,_,还好吧,整体,正面
735,_,便宜,价格,正面
735,_,很划算,价格,正面
735,_,还不错,整体,正面
736,物流,挺快,物流,正面
737,_,差评,整体,负面
738,水分,很足,成分,正面
738,物流,快,物流,正面
738,_,很不错,整体,正面
738,_,很实惠,价格,正面
739,_,非常喜欢,整体,正面
739,_,很满意,整体,正面
740,_,挺满意的,整体,正面
741,补水效果,不错,功效,正面
742,物流,很快,物流,正面
742,_,很划算,价格,正面
743,清洁能力,好用,功效,正面
743,_,好用,整体,正面
744,味道,好闻,气味,正面
744,_,很不错,整体,正面
744,_,遮瑕,功效,正面
744,_,保湿,功效,正面
744,_,很棒,整体,正面
745,_,挺好用的,整体,正面
745,_,肤色,功效,正面
745,_,比较好,整体,正面
746,_,不错,整体,正面
747,发货速度,挺快,物流,正面
748,_,挺好推开,使用体验,正面
749,礼品,_,价格,正面
750,_,很好,整体,正面
750,_,是正品,真伪,正面
751,送货,非常快,物流,正面
751,服务,好,物流,正面
751,性价比,很高,价格,正面
751,_,很不错,整体,正面
752,_,还好,整体,正面
752,_,蛮清爽,使用体验,正面
753,价格,便宜,价格,正面
753,物流速度,快,物流,正面
753,_,给力,整体,正面
753,_,好,整体,正面
753,_,很喜欢,整体,正面
754,_,还好吧,整体,正面
755,_,很快,物流,正面
755,_,很方便,整体,正面
755,_,实惠,价格,正面
755,_,很好,整体,正面
756,_,_,_,_
757,_,_,_,_
758,快递,点个赞,物流,正面
758,_,超级快,物流,正面
758,质量,_,其他,正面
758,_,杠杠滴,整体,正面
758,_,很不错,整体,正面
758,_,棒棒哒,整体,正面
759,_,还可以,整体,正面
760,活动,实惠,价格,正面
760,_,不错,整体,正面
761,活动,给力,价格,正面
762,包装,很好,包装,正面
762,_,温和不刺激,使用体验,正面
762,_,不错,整体,正面
763,_,不错,整体,正面
764,_,还好,整体,正面
765,发货,很快,物流,正面
765,_,很不错的,整体,正面
766,_,超级赞,整体,正面
766,活动,_,价格,正面
766,_,很值,价格,正面
767,_,好用,整体,正面
768,_,不错,整体,正面
769,_,好用,整体,正面
769,_,不错,整体,正面
770,味道,喜欢,气味,正面
770,_,很喜欢,整体,正面
771,物流,很快,物流,正面
771,隔离效果,很棒,功效,正面
772,_,_,_,_
773,提亮肤色,满分,功效,正面
773,_,太棒了,整体,正面
773,_,大爱,整体,正面
774,_,还不错,整体,正面
775,价格,实惠,价格,正面
775,服务,好,物流,正面
775,送货,快,物流,正面
776,味道,特别刺鼻,气味,负面
776,_,难闻到爆,气味,负面
777,_,挺水润,使用体验,正面
778,_,一点都不好,整体,负面
778,味道,_,气味,负面
779,保湿效果,很好,功效,正面
779,_,好用,整体,正面
779,_,喜欢,整体,正面
780,味道,喜欢,气味,正面
780,_,很自然,功效,正面
780,_,很贴妆,功效,正面
780,_,好看,整体,正面
780,_,自然,功效,正面
781,_,便宜,价格,正面
782,_,真心不错,整体,正面
783,补水效果,很不错,功效,正面
784,补水效果,挺不错的,功效,正面
784,快递,快,物流,正面
785,_,挺好的,整体,正面
785,_,挺喜欢的,整体,正面
785,_,挺舒服,使用体验,正面
785,_,还不错,整体,正面
786,_,服帖自然色,功效,正面
787,_,很干,使用体验,负面
787,_,不值,整体,负面
788,速度,很快,物流,正面
788,_,还不错,整体,正面
789,_,挺好用的,整体,正面
790,_,不好,整体,负面
790,_,便宜,价格,正面
790,_,没好货,整体,负面
791,_,不错,整体,正面
791,_,不是太干,使用体验,正面
792,_,太苍白了些,功效,负面
793,_,淡淡的味道,气味,正面
793,_,很好闻,气味,正面
793,_,很好用,整体,正面
794,_,_,_,_
795,味道,香香的,气味,正面
795,外观,特别漂亮,包装,正面
796,补水效果,真的好,功效,正面
796,物流,很快,物流,正面
796,_,非常满意,整体,正面
797,_,很适合,整体,正面
798,_,快,物流,正面
799,_,很不错,整体,正面
799,_,补水,功效,正面
800,_,还不错,整体,正面
801,盒子,很好看,包装,正面
802,价格,很美丽,价格,正面
802,香味,淡淡的,气味,正面
802,_,很好,整体,正面
803,_,很好,整体,正面
803,_,很舒服,使用体验,正面
804,物流,快,物流,正面
804,配送员服务,好,物流,正面
804,包装,_,包装,正面
804,_,比较优惠,价格,正面
805,价格,实惠,价格,正面
805,_,挺好的,整体,正面
806,_,挺好用的,整体,正面
806,_,还可以,整体,正面
807,_,觉得挺,整体,正面
807,_,活动,价格,正面
808,_,很好,整体,正面
809,_,好评,整体,正面
810,味道,淡淡的,气味,正面
810,_,很好,整体,正面
810,_,喜欢,整体,正面
811,补水效果,不错,功效,正面
811,_,非常好用,整体,正面
811,_,很薄,使用体验,正面
812,_,还不错,整体,正面
813,上妆,挺容易,功效,正面
813,物流,很快,物流,正面
813,_,挺好用的,整体,正面
813,_,比较水润,使用体验,正面
814,活动,_,价格,正面
814,_,很划算,价格,正面
815,包装,完好,包装,正面
816,快递,_,物流,正面
817,物流,太给力了,物流,正面
817,_,超级快,物流,正面
818,_,不错,整体,正面
818,_,很温和,使用体验,正面
818,_,不刺激,使用体验,正面
819,补水效果,棒棒哒,功效,正面
819,_,好用,整体,正面
820,活动价,实惠,价格,正面
820,_,好,整体,正面
821,_,还不错,整体,正面
822,_,很好,整体,正面
822,_,很服帖,使用体验,正面
823,_,很喜欢,整体,正面
824,_,很好用,整体,正面
825,_,不错,整体,正面
825,_,非常满意,整体,正面
826,_,_,_,_
827,_,不错,整体,正面
827,_,很好推开,使用体验,正面
827,_,细腻,使用体验,正面
827,_,不遮暇,功效,正面
827,_,均匀肤色,功效,正面
827,_,棒棒哒,整体,正面
828,速度,挺快,物流,正面
829,补水效果,挺好的,功效,正面
830,物流,很快,物流,正面
830,_,很好,整体,正面
831,_,是正品,真伪,正面
832,_,还可以,整体,正面
832,_,有点点油,使用体验,负面
833,_,_,_,_
834,_,是正品,真伪,正面
834,_,挺好的,整体,正面
835,成膜,比较慢,使用体验,负面
835,_,挺好的,整体,正面
835,_,好用,整体,正面
836,性价比,高,价格,正面
836,保湿程度,一般,功效,正面
836,吸收情况,容易吸收,使用体验,正面
836,_,很好推开,使用体验,正面
836,老成分,_,功效,正面
837,_,很喜欢,整体,正面
837,_,还不错,整体,正面
838,_,很好,整体,正面
839,上妆效果,挺好的,功效,正面
839,_,还行,整体,正面
840,包装,还可以,包装,正面
841,_,超级好用,整体,正面
842,泡泡,比较少,使用体验,负面
842,_,还行吧,整体,正面
842,_,太香了,气味,负面
842,_,不太喜欢,整体,负面
843,物流,蛮快的,物流,正面
843,_,不错,整体,正面
843,_,划得着,物流,正面
844,_,超级好用,整体,正面
844,_,不干,使用体验,正面
844,_,香香的,气味,正面
845,_,很不错,整体,正面
845,_,是正品,真伪,正面
846,物流,超级快,物流,正面
846,_,一很划,价格,正面
846,_,65,价格,正面
846,_,便宜,价格,正面
847,_,很实惠,价格,正面
848,保湿,挺好的,功效,正面
848,快递,很快,物流,正面
848,_,不错,整体,正面
849,活动,挺划算的,价格,正面
850,_,错了,真伪,负面
850,_,没收到,整体,负面
851,_,滑滑的,使用体验,正面
851,_,还不错,整体,正面
852,_,很好用,整体,正面
852,_,非常推荐,整体,正面
852,_,棒棒哒,整体,正面
853,_,不是特别油腻,使用体验,正面
853,_,轻薄,使用体验,正面
853,_,好上妆,功效,正面
854,_,不错,整体,正面
855,保湿效果,挺好的,功效,正面
855,_,是正品,真伪,正面
856,包装,挺好的,包装,正面
856,_,是正品,真伪,正面
857,_,还可以,整体,正面
857,_,比较满意,整体,正面
858,_,还不错,整体,正面
858,_,很好的,整体,正面
859,_,正品,真伪,正面
859,_,很好,整体,正面
860,_,保湿,功效,正面
860,_,很好用,整体,正面
861,_,有点油,使用体验,负面
861,_,很贴心,使用体验,正面
862,快递,_,物流,正面
863,_,好油,使用体验,负面
864,_,很好用,整体,正面
864,_,喜欢,整体,正面
865,_,挺保湿的,功效,正面
865,_,有点黏腻,使用体验,负面
866,_,香香的,气味,正面
866,_,挺好用,整体,正面
866,_,不是很贵,价格,正面
867,_,还可以,整体,正面
867,_,不能遮暇,功效,负面
867,_,别长痘,功效,正面
868,_,很喜欢,整体,正面
868,赠品,_,价格,正面
868,_,好超值,价格,正面
868,_,不错,整体,正面
869,_,非常好用,整体,正面
870,_,不错,整体,正面
871,_,还不错,整体,正面
871,_,正品,真伪,正面
871,_,便宜,价格,正面
872,补水效果,非常好,功效,正面
872,精华,很多,成分,正面
872,_,水嫩嫩的,使用体验,正面
872,_,光滑,使用体验,正面
872,_,很保湿,功效,正面
872,_,不刺激,使用体验,正面
873,包装,精美,包装,正面
873,_,挺好的,整体,正面
873,_,漂亮,整体,正面
873,_,正品,真伪,正面
874,客服,很贴心,服务,正面
874,_,五星好评,整体,正面
874,_,特别好,整体,正面
875,味道,清香,气味,正面
875,_,细腻,使用体验,正面
875,_,柔滑,使用体验,正面
876,_,最便宜,价格,正面
877,_,挺好用的,整体,正面
877,_,挺多的,整体,正面
878,_,很喜欢,整体,正面
879,_,不错,整体,正面
879,_,很轻,使用体验,正面
880,补水,不错,功效,正面
880,活动,_,价格,正面
880,保湿,_,功效,正面
881,_,真心不错,整体,正面
881,_,很服帖,使用体验,正面
881,_,超级划算,价格,正面
882,_,非常好,整体,正面
882,_,很好用,整体,正面
882,_,非常贴,使用体验,正面
882,_,好多精华,成分,正面
882,_,补水,功效,正面
883,_,大爱,整体,正面
883,_,非常喜欢,整体,正面
884,送货,真的很高效,物流,正面
885,_,还可以的,整体,正面
885,_,超舒服,使用体验,正面
886,_,还不错,整体,正面
886,_,非常实惠,价格,正面
887,_,好用,整体,正面
888,遮瑕,好用,功效,正面
888,_,自然白,功效,正面
889,快递速度,这么快,物流,正面
889,价格,这么实惠,价格,正面
890,_,还行,整体,正面
890,_,亲民,价格,正面
891,_,很满意,整体,正面
892,_,非常好用,整体,正面
893,_,很好,整体,正面
894,_,很愉快,整体,正面
895,_,一如既往的好用,整体,正面
896,_,好用,整体,正面
896,颜色,_,功效,正面
897,_,不错,整体,正面
898,_,很好用,整体,正面
898,_,很喜欢,整体,正面
899,_,简简单单,整体,负面
899,_,没有泡沫,使用体验,负面
899,_,洗不干净,使用体验,负面
900,_,挺好,整体,正面
900,_,太喜欢,整体,正面
901,_,非常滋润,使用体验,正面
902,活动,_,价格,正面
902,_,物美价廉,价格,正面
902,_,五星好评,整体,正面
903,按压,方便,使用体验,正面
903,设计,挺好,其他,正面
903,_,不刺激,使用体验,正面
903,_,清洁,功效,正面
903,_,挺干净的,功效,正面
903,_,喜欢,整体,正面
904,_,很快,物流,正面
904,_,还不错,整体,正面
905,_,还阔以,整体,正面
905,_,香香的,气味,正面
905,_,很满意,整体,正面
906,快寄,很给力,物流,正面
907,_,面膜,功效,正面
907,神节,_,价格,正面
908,精华,很多,成分,正面
908,_,很保湿,功效,正面
909,物流,快,物流,正面
909,_,好,整体,正面
909,_,超喜欢,整体,正面
909,_,超级满意,整体,正面
910,收货,很及时,物流,正面
910,_,很适合,整体,正面
911,_,不错,整体,正面
911,_,美美哒,整体,正面
912,酒精味,太重,气味,负面
912,_,有点油,使用体验,负面
912,_,很好,整体,正面
913,活动,_,价格,正面
913,_,特别的不错,整体,正面
913,_,很优惠,价格,正面
914,_,很好,整体,正面
915,_,还不错,整体,正面
916,快递,真是神速,物流,正面
916,活动,_,价格,正面
916,_,优惠很多,价格,正面
917,_,不好用,整体,负面
917,_,抹不开,使用体验,负面
917,_,没有提亮肤色的,功效,负面
918,_,真心不错,整体,正面
919,_,还不错,整体,正面
920,味道,没错,气味,正面
920,_,是正品,真伪,正面
920,_,碎了,包装,负面
921,_,是正品,真伪,正面
921,_,好用,整体,正面
922,_,还可以,整体,正面
922,_,不足,整体,负面
922,香料,_,气味,负面
923,快递,很给力,物流,正面
924,保湿效,果还不,功效,正面
924,_,还不错,整体,正面
925,补水效果,很好,功效,正面
925,活动,很实惠,价格,正面
925,_,好用,整体,正面
926,味道,不错,气味,正面
926,_,挺好的,整体,正面
926,_,挺保湿,功效,正面
927,_,挺好的,整体,正面
927,_,道,整体,正面
927,_,不过,整体,负面
927,_,敏补,功效,正面
928,_,很好,整体,正面
928,_,非常喜欢,整体,正面
928,_,准没错,整体,正面
929,_,一如既往的好,整体,正面
930,_,好喜欢,整体,正面
931,_,小小,尺寸,负面
932,物流,快,物流,正面
932,_,一直支持,整体,正面
933,味道,比较奇怪,气味,负面
933,_,非常好吸,使用体验,正面
933,_,的黏腻,使用体验,正面
934,到账速度,快,物流,正面
935,_,不好用,整体,负面
935,_,卡粉,使用体验,负面
936,_,还可以,整体,正面
937,性价比,很高,价格,正面
937,_,不错的,整体,正面
938,精华,很多,成分,正面
938,_,很服帖,使用体验,正面
938,_,很好用,整体,正面
938,_,不过敏,使用体验,正面
939,_,一点都不好用,整体,负面
940,保湿效果,很好,功效,正面
941,_,还不错,整体,正面
941,_,淡化,功效,正面
942,价格,便宜,价格,正面
943,价格,便宜,价格,正面
943,_,一般,整体,中性
944,_,挺好吸收,使用体验,正面
944,_,并不油腻,使用体验,正面
944,保护措施,_,功效,正面
944,_,没有损毁,使用体验,正面
945,补水效果,不错,功效,正面
946,包装,简陋,包装,负面
946,_,挺好用的,整体,正面
946,_,挺划算的,价格,正面
946,_,满意,整体,正面
947,补水效果,不错,功效,正面
947,膜布,很柔软,使用体验,正面
947,包装,_,包装,正面
947,_,很薄,使用体验,正面
947,_,满满的,整体,正面
948,_,不错,整体,正面
949,_,挺喜欢,整体,正面
949,_,很实惠,价格,正面
949,_,水水美美的,使用体验,正面
950,_,_,_,_
951,_,有点油,使用体验,负面
951,_,成膜,使用体验,负面
952,_,还行,整体,正面
952,_,好推开,使用体验,正面
952,_,有点不舒服,使用体验,负面
953,_,ver,物流,正面
954,_,还不错,整体,正面
954,_,挺舒服的,使用体验,正面
955,提亮肤色,挺好用的,功效,正面
956,_,不错,整体,正面
956,_,很好,整体,正面
957,速度,快又好,物流,正面
957,_,很不错,整体,正面
957,_,棒棒哒,整体,正面
958,颜色,不自然,功效,负面
958,定妆,不持久,功效,负面
958,_,挺好的,整体,正面
958,_,有点假白,功效,负面
959,_,好用,整体,正面
959,_,挺不错的,整体,正面
960,快递,不咋地,物流,正面
960,速度,慢,物流,正面
960,_,没有,整体,负面
961,_,还不错,整体,正面
961,_,挺香的,气味,正面
961,_,不是很丰富,尺寸,负面
962,_,还不错,整体,正面
963,物流,很快,物流,正面
963,_,很好用,整体,正面
964,_,不错的,整体,正面
965,_,挺水嫩的,使用体验,正面
966,_,卡粉,使用体验,负面
966,_,不自然,使用体验,负面
967,_,太贵了点,价格,负面
968,颜色,太白,功效,负面
968,_,浮粉严重,使用体验,负面
968,_,显毛孔,功效,正面
969,_,很滋润,使用体验,正面
970,_,很好用,整体,正面
971,_,挺好用的,整体,正面
971,_,非常满意,整体,正面
972,_,_,_,_
973,赠品,_,价格,正面
973,_,挺好用,整体,正面
973,_,棒棒哒,整体,正面
974,_,好用,整体,正面
974,_,经济,价格,正面
974,_,实惠,价格,正面
975,_,还不错,整体,正面
975,_,还可以,整体,正面
975,_,便宜,价格,正面
976,_,还可以,整体,正面
976,_,不黏腻,使用体验,正面
977,_,很油,使用体验,负面
977,_,不清爽,使用体验,负面
978,_,没用,整体,负面
979,_,特别好用,整体,正面
979,_,很薄,使用体验,正面
979,_,很舒服,使用体验,正面
980,_,不错,整体,正面
981,_,有点小,尺寸,负面
982,_,还行,整体,正面
983,_,挺温和,使用体验,正面
983,_,还可以,整体,正面
984,_,好用,整体,正面
984,_,不错,整体,正面
985,_,挺好用的,整体,正面
985,_,好评,整体,正面
986,_,良好,整体,正面
986,_,无异常,整体,正面
986,_,喜欢,整体,正面
987,_,很好用,整体,正面
987,_,均匀肤色,功效,正面
987,_,好用,整体,正面
988,卸妆效果,很好,功效,正面
988,_,很满意,整体,正面
989,包装,一般,包装,负面
989,盒子,_,包装,负面
990,味道,好闻,气味,正面
990,_,很好用,整体,正面
990,_,太划算了,价格,正面
991,_,很好用,整体,正面
992,_,便宜不少,价格,正面
993,_,一如既往的好,整体,正面
994,补水效果,很好,功效,正面
994,吸收,特别快,使用体验,正面
994,价格,超值,价格,正面
994,保湿,_,功效,正面
995,_,好用,整体,正面
995,_,不刺激,使用体验,正面
996,活动,_,价格,正面
997,_,很好用,整体,正面
997,_,很开心,整体,正面
997,_,很好,整体,正面
998,吸收,好,使用体验,正面
998,_,满意,整体,正面
999,_,还可以,整体,正面
1000,发货,及时,物流,正面
1000,_,么的好,整体,正面
1001,_,一般,整体,中性
1002,_,好评,整体,正面
1003,_,好用,整体,正面
1003,_,很划算,价格,正面
1004,提亮肤色,超强大的,功效,正面
1004,_,很喜欢,整体,正面
1004,_,很润,使用体验,正面
1004,_,很服帖,使用体验,正面
1005,_,不是很好用,整体,负面
1006,_,还不错,整体,正面
1006,_,好评,整体,正面
1007,价格,亲民,价格,正面
1007,_,很合适,整体,正面
1007,_,好用,整体,正面
1008,_,不错,整体,正面
1008,_,很好用,整体,正面
1009,补水,保湿,功效,正面
1009,_,好很多,整体,正面
1009,_,不油腻,使用体验,正面
1010,性价比,高,价格,正面
1010,_,很好,整体,正面
1010,_,很方便,整体,正面
1011,_,不理,整体,负面
1012,_,很好用,整体,正面
1012,_,很香,气味,正面
1013,保湿,非常不错,功效,正面
1013,_,滋润,使用体验,正面
1013,_,亮白,功效,正面
1014,_,不错,整体,正面
1014,_,挺精致的,整体,正面
1015,快递,很快,物流,正面
1015,_,不错,整体,正面
1016,_,蛮好用的,整体,正面
1016,_,超喜欢,整体,正面
1016,_,超满意,整体,正面
1017,遮瑕效果,挺好,功效,正面
1017,_,挺好用的,整体,正面
1017,_,很细腻,使用体验,正面
1018,_,挺小,尺寸,负面
1018,_,上脸挺自,功效,正面
1018,_,感觉,功效,正面
1019,_,合适,整体,正面
1020,_,清爽型,使用体验,正面
1020,_,很舒服,使用体验,正面
1021,物流,快,物流,正面
1021,服务态度,好,物流,正面
1022,_,挺划算的,价格,正面
1023,_,好评,整体,正面
1023,_,好用,整体,正面
1024,活动,_,价格,正面
1024,_,炒鸡合适,整体,正面
1025,_,物有所值,整体,正面
1026,_,挺好用的,整体,正面
1026,_,实惠,价格,正面
1026,_,还可以,整体,正面
1027,精华,很多,成分,正面
1027,快递员服务,超好,物流,正面
1027,补水,_,功效,正面
1028,提亮效,果,功效,正面
1028,_,霜挺好用,功效,正面
1029,包装,很好,包装,正面
1029,_,无破损,包装,正面
1030,_,淡淡的,气味,正面
1030,_,清香,气味,正面
1030,_,很好闻,气味,正面
1031,_,非常不错,整体,正面
1031,_,非常好用,整体,正面
1032,_,挺好,整体,正面
1032,_,不卡粉,使用体验,正面
1033,活动,_,价格,正面
1033,_,便宜,价格,正面
1033,_,好用,整体,正面
1033,_,物美价廉,价格,正面
1034,_,好失望,整体,负面
1034,保质期,_,新鲜度,负面
1035,_,超级好用,整体,正面
1036,_,不错,整体,正面
1036,_,挺好用的,整体,正面
1036,_,还不错,整体,正面
1037,香精味,廉价,气味,负面
1037,_,不自然,功效,正面
1037,_,卡粉,使用体验,负面
1038,_,是正品,真伪,正面
1038,_,不错,整体,正面
1039,保湿效果,还行,功效,正面
1039,_,很服帖,使用体验,正面
1039,_,特别划算,价格,正面
1040,快递,好快,物流,正面
1040,精华,很多,成分,正面
1040,_,很好,整体,正面
1041,_,不错,整体,正面
1042,_,特假,真伪,负面
1043,_,水水的,使用体验,正面
1043,_,很保湿,功效,正面
1043,_,很好用,整体,正面
1044,_,很好用,整体,正面
1044,_,是真的,真伪,正面
1045,物流,很快,物流,正面
1045,_,很满意,整体,正面
1046,_,应该是正品,真伪,正面
1047,_,非常方便,整体,正面
1048,_,清爽,使用体验,正面
1048,_,不油腻,使用体验,正面
1049,包装,完好,包装,正面
1049,清香味,淡淡的,气味,正面
1049,_,还好,整体,正面
1050,性价比,很高,价格,正面
1050,送货,超级快,物流,正面
1050,_,滋润,使用体验,正面
1050,_,补水,功效,正面
1050,_,保湿,功效,正面
1050,_,不起脂肪粒,使用体验,正面
1051,_,不错,整体,正面
1052,保湿,不是那么好,功效,负面
1052,_,还好吧,整体,正面
1053,味道,香香的,气味,正面
1053,_,挺喜欢的,整体,正面
1053,_,好评,整体,正面
1054,味道,很清新,气味,正面
1054,清洁力度,还可以,功效,正面
1054,泡沫,_,使用体验,正面
1054,_,挺细腻的,使用体验,正面
1054,_,不紧绷,使用体验,正面
1054,_,挺温和的,使用体验,正面
1055,_,一般般,整体,中性
1055,_,不明显,整体,负面
1056,_,一般般,整体,中性
1056,_,搓不出角质,使用体验,负面
1057,_,超赞,整体,正面
1057,_,大爱,整体,正面
1058,优惠活动,太赞了,价格,正面
1059,_,好评,整体,正面
1060,物流,很快,物流,正面
1060,_,挺不错的,整体,正面
1061,发货的速度,是慢,物流,正面
1062,_,太香了,气味,负面
1062,_,不是很滋润,使用体验,负面
1063,_,超级好用,整体,正面
1063,补水效果,_,功效,正面
1064,服务态度,很好,物流,正面
1064,_,很满意,整体,正面
1065,_,不掉妆,使用体验,正面
1066,粉质,不够细,使用体验,负面
1066,味道,蛮喜欢,气味,正面
1066,提亮的效果,不错,功效,正面
1066,_,不够服帖,使用体验,负面
1067,_,清淡,使用体验,正面
1067,_,不紧绷,使用体验,正面
1067,_,很舒服,使用体验,正面
1067,_,挺干净,功效,正面
1067,_,不刺激,使用体验,正面
1067,_,还好,整体,正面
1068,_,还不错,整体,正面
1069,_,油油的,使用体验,负面
1069,_,油乎乎的,使用体验,负面
1070,_,非常满意,整体,正面
1071,_,还不错,整体,正面
1072,_,喜欢,整体,正面
1072,_,大爱,整体,正面
1072,_,温和,使用体验,正面
1072,_,不刺激,使用体验,正面
1072,_,挺好用的,整体,正面
1073,价格,美丽,价格,正面
1074,_,很不错,整体,正面
1075,_,一般,整体,中性
1076,清洁力,不是太好,功效,负面
1076,_,起痘痘,使用体验,负面
1077,赠品,_,价格,正面
1077,_,还行,整体,正面
1078,_,挺好用的,整体,正面
1079,_,还行,整体,正面
1079,_,不会很白,功效,正面
1079,_,很硬,使用体验,负面
1079,_,不好用,整体,负面
1080,速度,_,物流,正面
1081,泡沫,不细腻,使用体验,负面
1081,_,不理想,整体,负面
1081,_,洗不干净,功效,负面
1082,_,一如既往的好,整体,正面
1083,_,还不错,整体,正面
1083,_,是正品,真伪,正面
1084,日期,新,其他,正面
1084,_,不错,整体,正面
1085,_,一般般,整体,中性
1086,物流,很快,物流,正面
1087,_,还不错,整体,正面
1088,_,还可以,整体,正面
1089,_,好,整体,正面
1090,活动,_,价格,正面
1090,_,实惠,价格,正面
1090,_,还不错,整体,正面
1091,_,特持久,功效,正面
1091,_,特别容易干,使用体验,负面
1092,_,特别好,整体,正面
1092,_,特补水,功效,正面
1093,添加剂,很少,成分,正面
1093,保湿,不错,功效,正面
1093,补水,_,功效,正面
1093,_,太粘稠,使用体验,负面
1094,物流,给力,物流,正面
1095,_,不错,整体,正面
1096,_,还不错,整体,正面
1096,_,通透,使用体验,正面
1096,_,不会油油的,使用体验,正面
1096,_,遮瑕,功效,正面
1097,_,轻薄,使用体验,正面
1097,_,舒服,使用体验,正面
1097,_,很好,整体,正面
1098,_,挺好的,整体,正面
1098,_,提亮肤色,功效,正面
1099,香味,一般,气味,负面
1099,性价比,低,价格,正面
1099,味道,_,气味,负面
1099,_,持久,功效,正面
1100,_,不错,整体,正面
1101,_,物廉价美,价格,正面
1102,价格,很划得来,价格,正面
1102,_,很清爽,使用体验,正面
1102,_,不错,整体,正面
1103,_,很满意,整体,正面
1104,_,好像过敏了,使用体验,负面
1105,_,很好,整体,正面
1105,_,很补水,功效,正面
1105,_,划算,价格,正面
1106,_,非常满意,整体,正面
1107,_,好用的很,整体,正面
1108,控油效果,还可以,功效,正面
1108,香味,太香精,气味,负面
1109,日期,差,新鲜度,负面
1109,_,不是近期,新鲜度,负面
1110,_,超级喜欢,整体,正面
1111,_,非常好,整体,正面
1111,_,舒服,使用体验,正面
1111,_,不过敏,使用体验,正面
1111,_,挺实惠的,价格,正面
1112,包装,还可以,包装,正面
1113,_,真的好,整体,正面
1114,_,比较温合,整体,正面
1114,_,好多了,整体,正面
1114,_,点赞,整体,正面
1115,物流,好快,物流,正面
1115,服务态度,好,物流,正面
1116,_,挺好的,整体,正面
1116,_,是正品,真伪,正面
1116,_,挺开心,整体,正面
1117,物流,很快,物流,正面
1118,袋子,很漂亮,包装,正面
1118,_,实惠,价格,正面
1119,_,还不错,整体,正面
1119,_,很服帖,使用体验,正面
1120,_,不错,整体,正面
1120,_,挺细腻的,使用体验,正面
1121,香味,淡淡,气味,正面
1121,_,挺好,整体,正面
1121,_,非常好用,整体,正面
1122,发货速度,快,物流,正面
1122,_,还不错,整体,正面
1122,_,挺喜欢,整体,正面
1123,_,很好,整体,正面
1123,_,希望是正品,真伪,中性
1124,_,还行吧,整体,正面
1125,物流,给力,物流,正面
1125,_,相当不错,整体,正面
1125,_,好评,整体,正面
1125,_,超级好评,整体,正面
1126,_,不卡粉,使用体验,正面
1126,_,挺好的,整体,正面
1127,_,很湿润,使用体验,正面
1127,味道,_,气味,正面
1128,_,好评,整体,正面
1128,_,很好,整体,正面
1128,_,很喜欢,整体,正面
1129,_,很不错,整体,正面
1130,_,挺好用的,整体,正面
1130,_,非常满意,整体,正面
1131,_,有点干,使用体验,负面
1132,物流,超级快,物流,正面
1132,_,真心不错,整体,正面
1133,价格,优惠,价格,正面
1133,_,还不错,整体,正面
1133,_,很好用,整体,正面
1133,_,满意,整体,正面
1134,物流,很快,物流,正面
1134,_,还不错,整体,正面
1135,质地,轻薄,使用体验,正面
1135,发货,快,物流,正面
1135,_,满意,整体,正面
1135,_,还不错,整体,正面
1135,持久效果,_,功效,正面
1136,_,轻薄,使用体验,正面
1136,_,透气,使用体验,正面
1137,卸妆效果,还好,功效,正面
1137,_,清爽,使用体验,正面
1137,_,不油腻,使用体验,正面
1138,物流,很快,物流,正面
1138,_,很好用,整体,正面
1139,_,钟爱,整体,正面
1140,_,很好,整体,正面
1140,_,很划算,价格,正面
1141,提亮肤色,很不错,功效,正面
1142,香味,淡淡的,气味,正面
1142,_,很好用,整体,正面
1143,_,很舒服,使用体验,正面
1143,_,没有一点不舒服,使用体验,正面
1143,_,好评,整体,正面
1144,_,还行吧,整体,正面
1144,_,无功无过,整体,负面
1145,保温效果,好,功效,正面
1145,精华液,挺多的,成分,正面
1145,_,不错,整体,正面
1146,_,挺好的,整体,正面
1147,外观,还不错,包装,正面
1148,_,不错,整体,正面
1149,礼品,不错,价格,正面
1150,包装,有点不好,包装,负面
1150,_,是正品,真伪,正面
1150,_,假货,真伪,负面
1150,_,挺环保的,整体,正面
1151,物流,很快,物流,正面
1152,_,非常好用,整体,正面
1153,快递,很给力,物流,正面
1154,_,很喜欢,整体,正面
1154,_,好,整体,正面
1155,_,快,物流,正面
1156,_,是正品,真伪,正面
1157,味道,好大,气味,正面
1157,物流垃圾,_,物流,正面
1157,_,不喜欢,整体,负面
1158,味道,好闻,气味,正面
1158,_,非常好用,整体,正面
1159,遮暇效果,很好,功效,正面
1159,_,很好用,整体,正面
1160,_,很不错,整体,正面
1161,价格,低,价格,正面
1162,_,b很好,整体,正面
1163,_,不好用,整体,负面
1163,_,太干,使用体验,负面
1164,速度,真快,物流,正面
1164,_,便宜,价格,正面
1165,_,_,_,_
1166,_,好评,整体,正面
1167,_,很好,整体,正面
1167,_,物超所值,整体,正面
1168,补水效果,挺好,功效,正面
1168,_,比较实惠,价格,正面
1169,物流,很快,物流,正面
1169,_,还可以,整体,正面
1170,_,垃圾,整体,负面
1170,_,假货,真伪,负面
1170,_,毁了,整体,负面
1170,好评率,_,整体,正面
1171,_,挺好的,整体,正面
1171,_,光滑,使用体验,正面
1171,_,水润,使用体验,正面
1172,_,偏干,使用体验,负面
1173,味道,太刺鼻了,气味,负面
1173,价格,_,价格,正面
1173,_,很实惠,价格,正面
1174,_,不错,整体,正面
1174,_,比较喜欢,整体,正面
1175,_,不错,整体,正面
1175,_,很满意,整体,正面
1176,性价比,很高,价格,正面
1176,促销,_,价格,正面
1177,_,很不错,整体,正面
1178,_,比较喜欢,整体,正面
1179,_,假货,真伪,负面
1179,_,还过敏,使用体验,负面
1180,包装,不错,包装,正面
1180,自然色,还好,功效,正面
1180,_,不持久,使用体验,负面
1181,日期,新鲜,新鲜度,负面
1181,保质期,_,物流,正面
1182,_,不起沫,使用体验,负面
1182,_,不怎么好用,整体,负面
1183,_,没有特别便宜,价格,正面
1184,脱妆,严重,功效,负面
1184,_,不服帖,使用体验,负面
1184,_,假白,功效,负面
1185,_,很清爽,使用体验,正面
1185,_,不油腻,使用体验,正面
1185,_,很喜欢,整体,正面
1185,_,很干净,功效,正面
1186,快递速度,真快,物流,正面
1187,质量,超乎意料的好,其他,正面
1187,_,好评,整体,正面
1188,_,便宜,价格,正面
1188,_,好用,整体,正面
1188,_,好评,整体,正面
1189,_,不开心,整体,负面
1190,_,不错,整体,正面
1190,_,是正品,真伪,正面
1190,_,挺好的,整体,正面
1191,_,可以,整体,正面
1191,_,的挺干净,功效,正面
1192,_,超级喜欢,整体,正面
1193,_,是正品,真伪,正面
1193,活动,_,价格,正面
1194,_,喜欢用,整体,正面
1194,_,比较细腻,使用体验,正面
1194,_,不油腻,使用体验,正面
1194,_,挺好的,整体,正面
1195,_,很好,整体,正面
1196,物流,相当快,物流,正面
1196,包装,精致,包装,正面
1196,_,一如既往的好,整体,正面
1197,_,不错,整体,正面
1197,_,白了很多,功效,正面
1198,_,挺好,整体,正面
1198,_,满意,整体,正面
1199,_,很喜欢,整体,正面
1199,_,非常好,整体,正面
1200,_,挺好的,整体,正面
1201,_,不错,整体,正面
1202,_,很好用,整体,正面
1203,_,挺不错的,整体,正面
1203,_,很滋润,使用体验,正面
1204,物流,快,物流,正面
1204,_,又好,整体,正面
1205,香味,清淡的,气味,正面
1205,_,便宜,价格,正面
1205,_,好用,整体,正面
1205,_,比较喜欢,整体,正面
1206,_,一如既往的好,整体,正面
1207,_,蛮不错的,整体,正面
1208,_,很不错,整体,正面
1209,_,水润提亮肤色,使用体验,正面
1209,_,自然,功效,正面
1209,_,很满意,整体,正面
1210,补水效果,很棒,功效,正面
1211,_,不错,整体,正面
1212,_,超好用,整体,正面
1212,_,很水润,使用体验,正面
1212,_,超值,价格,正面
1213,_,不错,整体,正面
1214,_,水润透气,使用体验,正面
1214,_,不错,整体,正面
1215,_,很好用,整体,正面
1216,_,比较水润,使用体验,正面
1216,隔离效果,_,功效,正面
1216,_,还算可以,整体,正面
1217,_,很细腻,使用体验,正面
1217,_,清爽,使用体验,正面
1217,_,不干燥,使用体验,正面
1218,_,一如既往地好,整体,正面
1219,_,很油,使用体验,负面
1220,_,好用,整体,正面
1221,味道,清新,气味,正面
1221,_,挺好的,整体,正面
1221,_,滋润,使用体验,正面
1221,_,不粘腻,使用体验,正面
1222,水分,很多,成分,正面
1222,_,很薄,使用体验,正面
1222,_,很舒服,使用体验,正面
1222,_,清爽,使用体验,正面
1223,_,觉不,整体,正面
1224,价格,合理,价格,正面
1224,_,还不错,整体,正面
1225,物流,很快,物流,正面
1226,_,挺喜欢的,整体,正面
1227,_,很好,整体,正面
1228,提亮遮暇能力,强,功效,正面
1229,_,挺好的,整体,正面
1229,_,好快,物流,正面
1230,味道,不好闻,气味,负面
1230,_,很实惠,价格,正面
1230,_,很好用,整体,正面
1230,_,臭死了,气味,负面
1231,包装,无损坏,包装,正面
1231,保湿效果,挺好的,功效,正面
1231,清香味,淡淡的,气味,正面
1231,_,挺不错的,整体,正面
1232,速度,很快,物流,正面
1232,_,不错,整体,正面
1233,_,有点脏,使用体验,负面
1234,味道,很好闻,气味,正面
1235,物流,很快,物流,正面
1235,_,很好用,整体,正面
1236,卸妆,很干净,功效,正面
1236,气味,没有刺鼻的,气味,正面
1236,_,很温和,使用体验,正面
1236,包装,_,包装,正面
1236,_,很满意,整体,正面
1237,遮暇效果,没有,功效,负面
1238,_,便宜,价格,正面
1238,_,好小,尺寸,负面
1239,_,还不错,整体,正面
1240,_,不算太满意,整体,负面
1240,_,很干,使用体验,负面
1241,_,用亲,整体,正面
1241,肤持久情,_,功效,正面
1242,_,很好用,整体,正面
1243,包装,高大上,包装,正面
1243,物流,_,物流,正面
1243,_,超快,物流,正面
1243,_,很好,整体,正面
1243,_,没有破损,包装,正面
1244,_,便宜,价格,正面
1244,_,实惠,价格,正面
1244,_,非常好用,整体,正面
1245,_,可以,整体,正面
1245,_,挺白的,功效,正面
1246,_,很好,整体,正面
1247,_,很赞,整体,正面
1247,_,很喜欢,整体,正面
1248,_,好用,整体,正面
1249,_,很好用,整体,正面
1249,_,水水的,使用体验,正面
1249,_,嫩嫩的,使用体验,正面
1250,保湿效果,很好,功效,正面
1251,_,_,_,_
1252,味道,很好闻,气味,正面
1252,_,很好用,整体,正面
1252,_,很喜欢,整体,正面
1253,_,红红火火,整体,正面
1254,香味,挺重的,气味,正面
1255,_,挺好用,整体,正面
1255,_,很轻薄,使用体验,正面
1256,价格,实惠,价格,正面
1256,_,不会干,使用体验,正面
1256,_,较长,功效,正面
1257,_,不错的,整体,正面
1258,乳液,挺多的,成分,正面
1258,_,真不错,整体,正面
1259,精华液,很多,成分,正面
1259,补水效果,不错,功效,正面
1259,活动,_,价格,正面
1260,_,好评,整体,正面
1261,_,喜欢,整体,正面
1261,_,不刺皮肤,使用体验,正面
1261,_,干净,功效,正面
1262,_,非常好用,整体,正面
1262,_,不油腻,使用体验,正面
1262,_,很清爽,使用体验,正面
1262,_,大爱,整体,正面
1263,_,快,物流,正面
1264,_,很好用,整体,正面
1265,味道,很好闻,气味,正面
1265,_,很不错,整体,正面
1265,_,保湿,功效,正面
1266,物流,很快,物流,正面
1266,_,很好,整体,正面
1267,_,还不错,整体,正面
1268,_,很油,使用体验,负面
1269,_,很好,整体,正面
1269,_,非常好,整体,正面
1270,_,挺好的,整体,正面
1271,香味,很浓,气味,正面
1271,_,差太多了,整体,负面
1271,散粉,_,使用体验,负面
1272,_,一如既往的好,整体,正面
1273,_,还可以,整体,正面
1273,_,很实惠,价格,正面
1274,补水效果,很好,功效,正面
1275,滋润度,非常好,使用体验,正面
1275,_,好用,整体,正面
1275,_,不干,使用体验,正面
1275,_,不卡粉,使用体验,正面
1275,_,棒棒哒,整体,正面
1276,_,挺好的,整体,正面
1277,_,还不错,整体,正面
1278,_,湿润自然,使用体验,正面
1278,_,很好,整体,正面
1279,_,好,整体,正面
1279,_,非常满意,整体,正面
1279,_,非常喜欢,整体,正面
1280,活动,很合适,价格,正面
1280,_,很不错,整体,正面
1280,_,喜欢,整体,正面
1281,补水效果,非常好,功效,正面
1282,_,挺满意的,整体,正面
1283,_,好,整体,正面
1284,_,不紧绷,使用体验,正面
1285,_,很好用,整体,正面
1285,_,很香,气味,正面
1285,_,掉色,使用体验,负面
1286,_,真心不错,整体,正面
1287,_,还不错,整体,正面
1288,_,很不错,整体,正面
1289,_,还可以,整体,正面
1290,_,还不错,整体,正面
1291,保湿效果,很好,功效,正面
1291,_,很不错,整体,正面
1291,_,非常满意,整体,正面
1292,价格,实惠,价格,正面
1292,活动,_,价格,正面
1292,_,大了,功效,正面
1292,_,便宜,价格,正面
1292,_,多了,价格,正面
1292,_,好评,整体,正面
1293,上妆,很不错,功效,正面
1293,味道,太香了,气味,负面
1294,_,还行,整体,正面
1294,_,比较方便,整体,正面
1295,_,有点刺激,使用体验,负面
1295,_,还好,整体,正面
1296,_,是正品,真伪,正面
1297,_,非常好用,整体,正面
1298,_,是真品,真伪,正面
1298,_,过敏,使用体验,负面
1299,味道,挺好闻的,气味,正面
1299,_,很好,整体,正面
1300,价格,很划算,价格,正面
1300,_,还不错,整体,正面
1300,_,好评,整体,正面
1301,_,不错,整体,正面
1302,_,就是好,整体,正面
1302,_,好评,整体,正面
1303,_,一点都不好用,整体,负面
1303,_,最差,整体,负面
1304,_,淡淡,气味,正面
1304,的香,_,气味,正面
1304,_,己喜,整体,正面
1305,_,还可以,整体,正面
1306,保湿效果,特好,功效,正面
1306,遮瑕效果,不错,功效,正面
1307,_,很好用,整体,正面
1308,价格,挺便宜的,价格,正面
1309,_,还不错,整体,正面
1310,_,不错,整体,正面
1311,_,不真实,整体,负面
1312,_,货真价实,整体,正面
1312,_,很放心,整体,正面
1313,价格,超实惠,价格,正面
1313,_,不错,整体,正面
1314,活动力度,比较大,价格,正面
1314,_,比较敷贴,功效,正面
1314,_,不干燥,使用体验,正面
1314,_,比较水润,使用体验,正面
1314,_,便宜,价格,正面
1315,送货速度,快,物流,正面
1315,_,还好,整体,正面
1316,_,非常好,整体,正面
1317,物流,很快,物流,正面
1317,包装,无破损,包装,正面
1318,_,_,_,_
1319,_,很香,气味,正面
1320,_,很不错,整体,正面
1321,_,挺好,整体,正面
1322,补水效果,非常不错,功效,正面
1323,味道,很好闻,气味,正面
1323,_,喜欢,整体,正面
1324,_,不错,整体,正面
1325,美白效果,不是很好,功效,负面
1325,_,不错,整体,正面
1326,_,可以的,整体,正面
1327,_,还不错,整体,正面
1328,_,非常不满意,整体,负面
1329,_,不舒服,整体,负面
1330,_,还不错,整体,正面
1331,_,不错,整体,正面
1331,_,好用,整体,正面
1331,快递,_,物流,正面
1332,赠品,很多,价格,正面
1332,_,很不错,整体,正面
1332,_,便宜,价格,正面
1333,_,很好,整体,正面
1334,_,很不错,整体,正面
1334,_,不错,整体,正面
1334,_,棒棒哒,整体,正面
1335,味道,有点怪,气味,负面
1336,物流,快,物流,正面
1336,_,喜欢,整体,正面
1336,_,还不错,整体,正面
1336,_,好,整体,正面
1337,_,还不错,整体,正面
1338,_,很实惠,价格,正面
1339,包装,完好,包装,正面
1339,日期,比较新,新鲜度,负面
1340,服务,很不错,服务,正面
1340,_,不错,整体,正面
1341,_,非常好,整体,正面
1341,_,便宜,价格,正面
1341,_,划算,价格,正面
1342,_,很喜欢,整体,正面
1343,_,不错,整体,正面
1344,_,非常好用,整体,正面
1344,_,不油腻,使用体验,正面
1344,_,好推开,使用体验,正面
1345,_,很好用,整体,正面
1345,_,不浮粉,使用体验,正面
1346,快递,超快,物流,正面
1347,包装,蛮好的,包装,正面
1347,_,好评,整体,正面
1348,送货,快,物流,正面
1348,_,好用,整体,正面
1348,_,真心的,整体,正面
1348,_,很服帖,使用体验,正面
1349,_,太给力了,整体,正面
1349,_,特别好闻,气味,正面
1349,_,喜欢,整体,正面
1350,包装,好差劲,包装,负面
1351,_,很好用,整体,正面
1351,_,易推开,使用体验,正面
1351,_,提亮肤色的效果,功效,正面
1352,_,好好妆,功效,正面
1352,_,非常干净,功效,正面
1353,_,很滋润,使用体验,正面
1354,价格,合理,价格,正面
1354,_,不错,整体,正面
1355,_,非常卡粉,使用体验,负面
1355,_,不好用,整体,负面
1356,赠品,挺多的,价格,正面
1357,_,不错,整体,正面
1357,_,好用,整体,正面
1357,_,特别便宜,价格,正面
1358,_,挺好的,整体,正面
1359,_,不错,整体,正面
1359,_,很舒服,使用体验,正面
1359,_,美白,功效,正面
1360,肤色,很自然,功效,正面
1360,_,很滋润,使用体验,正面
1361,_,很喜欢,整体,正面
1362,_,特别好用,整体,正面
1363,_,很好,整体,正面
1363,_,很好用,整体,正面
1364,物流,很快,物流,正面
1364,盒子,有点脏,包装,负面
1364,精华,能吸收,成分,正面
1364,_,很润,使用体验,正面
1364,_,不干,使用体验,正面
1365,_,是正品,真伪,正面
1365,_,很自然,功效,正面
1366,_,正品,真伪,正面
1367,_,水润,使用体验,正面
1367,_,清凉,使用体验,正面
1367,_,是正品,真伪,正面
1367,_,不错,整体,正面
1368,_,会卡粉,使用体验,负面
1369,_,好用,整体,正面
1369,_,自然,功效,正面
1369,_,服帖,使用体验,正面
1369,_,实惠,价格,正面
1369,_,多了,价格,正面
1370,价格,很美丽,价格,正面
1370,_,很优惠,价格,正面
1370,_,很好,整体,正面
1371,_,可以,整体,正面
1372,_,优惠多多,价格,正面
1372,_,非常满意,整体,正面
1373,_,很好用,整体,正面
1374,_,好用,整体,正面
1374,_,非常满意,整体,正面
1375,补水效果,特别好,功效,正面
1376,_,不错,整体,正面
1377,_,很喜欢,整体,正面
1377,_,满意,整体,正面
1378,精华液,很多,成分,正面
1378,_,很好用,整体,正面
1378,_,很实惠,价格,正面
1379,遮瑕效果,不理想,功效,负面
1379,_,清爽,使用体验,正面
1379,_,不油腻,使用体验,正面
1380,_,还不错,整体,正面
1380,_,很喜欢,整体,正面
1381,_,特别滋润,使用体验,正面
1381,_,香香的,气味,正面
1381,_,不厚重,使用体验,正面
1381,_,特别好用,整体,正面
1382,_,比较好用,整体,正面
1383,_,不错,整体,正面
1383,_,不油腻,使用体验,正面
1383,_,挺补水的,功效,正面
1383,_,滑滑的,使用体验,正面
1383,_,嫩嫩的,使用体验,正面
1384,_,不错,整体,正面
1384,_,好用,整体,正面
1384,_,超补水,功效,正面
1385,水份,滑溜溜的,成分,正面
1385,价格,合适,价格,正面
1385,_,喜欢,整体,正面
1385,_,大爱,整体,正面
1386,粉质,很细腻,使用体验,正面
1387,_,不会油油的,使用体验,正面
1387,_,不会感觉紧绷,使用体验,正面
1388,包装,不错,包装,正面
1388,_,可以,整体,正面
1388,香味,_,气味,正面
1388,_,清新,使用体验,正面
1389,_,很好,整体,正面
1390,_,很好用,整体,正面
1391,_,差不多,整体,正面
1392,送货,及时,物流,正面
1392,_,不错,整体,正面
1393,快递,很快,物流,正面
1393,客服态度,很好,物流,正面
1394,包装,挺好的,包装,正面
1394,物流,很快,物流,正面
1394,_,不错,整体,正面
1395,_,不知道是不是正品,真伪,中性
1395,_,挺好用的,整体,正面
1396,_,没有,整体,负面
1397,遮瑕效果,不是特别好,功效,负面
1397,_,还可以,整体,正面
1397,_,轻薄,使用体验,正面
1397,_,不油腻,使用体验,正面
1398,价格,优,价格,正面
1398,_,不错,整体,正面
1398,_,喜欢,整体,正面
1399,真假,很难说,真伪,中性
1399,包装,没有,包装,负面
1400,价格,低,价格,正面
1400,_,好用,整体,正面
1401,_,很好用,整体,正面
1401,_,不干,使用体验,正面
1401,_,提亮肤色,功效,正面
1402,_,很喜欢,整体,正面
1403,_,清爽,使用体验,正面
1403,_,不油腻,使用体验,正面
1404,_,可以的,整体,正面
1405,价格,还不错,价格,正面
1406,吸收,太黏了,使用体验,负面
1406,_,没有那么好用,整体,负面
1406,_,不好,整体,负面
1407,快递,很快,物流,正面
1407,_,很水润,使用体验,正面
1407,_,保湿,功效,正面
1407,活动,_,价格,正面
1408,_,很不错,整体,正面
1408,活动,_,价格,正面
1408,_,超级划算,价格,正面
1408,赠品,_,价格,正面
1409,_,好用,整体,正面
1410,_,很好用,整体,正面
1410,_,水水的,使用体验,正面
1411,包装,好看,包装,正面
1411,_,不错,整体,正面
1411,_,还不错,整体,正面
1412,发货,快,物流,正面
1412,_,方便,整体,正面
1412,_,好评一下,整体,正面
1413,_,还不错,整体,正面
1413,_,包邮,价格,正面
1414,包装,太旧了,包装,负面
1415,配送速度,特别快,物流,正面
1415,_,物美价廉,价格,正面
1415,_,非常好,整体,正面
1415,服务,_,物流,正面
1416,_,_,_,_
1417,_,太腻了,气味,负面
1417,_,不好闻,气味,负面
1417,_,难受,气味,负面
1418,价格,实惠,价格,正面
1418,_,好用,整体,正面
1418,_,不油腻,使用体验,正面
1419,吸收,还不错,使用体验,正面
1419,_,是正品,真伪,正面
1419,_,没有激素,真伪,正面
1419,_,好评,整体,正面
1420,价格,实惠,价格,正面
1420,_,还不错,整体,正面
1420,_,不卡粉,使用体验,正面
1421,片数,多,其他,正面
1421,快递,就是快,物流,正面
1422,_,还不错,整体,正面
1423,_,超爽,使用体验,正面
1423,_,挺喜欢的,整体,正面
1424,泡沫,丰富,使用体验,正面
1424,香味,淡淡的,气味,正面
1425,包装,完好,包装,正面
1425,物流,很快,物流,正面
1426,_,白了一度,功效,正面
1426,快递小哥,_,物流,正面
1427,_,很好,整体,正面
1427,_,很喜欢,整体,正面
1427,_,很保湿,功效,正面
1428,送货速度,很快,物流,正面
1428,_,不错,整体,正面
1429,_,提亮肤色,功效,正面
1429,_,不卡粉,使用体验,正面
1429,_,很不错,整体,正面
1430,包装,非常精美,包装,正面
1431,_,不错,整体,正面
1432,精华液,很多,成分,正面
1432,_,量很足,其他,正面
1432,_,水水的,使用体验,正面
1433,价格,美丽,价格,正面
1433,_,挺好用,整体,正面
1434,_,很好,整体,正面
1435,_,不会假白,功效,正面
1435,_,很好,整体,正面
1435,_,喜欢,整体,正面
1436,_,很好,整体,正面
1437,_,还行,整体,正面
1437,_,一直用,整体,正面
1438,吸收,挺好,使用体验,正面
1438,_,很容易吸收,使用体验,正面
1438,_,水嫩水嫩的,使用体验,正面
1439,_,很不错,整体,正面
1439,水效果,_,功效,正面
1439,_,不刺激,使用体验,正面
1440,_,很舒适,使用体验,正面
1440,_,非常细腻,使用体验,正面
1441,_,好用,整体,正面
1441,_,不卡粉,使用体验,正面
1442,_,还行,整体,正面
1443,_,还可以,整体,正面
1443,_,有点卡,使用体验,负面
1444,_,一点都不补水,整体,负面
1445,_,不错,整体,正面
1445,_,刚刚,整体,正面
1446,起泡,不是很多,使用体验,负面
1446,快递运输,有折痕,使用体验,负面
1446,_,很温和,使用体验,正面
1447,_,好,整体,正面
1447,赠品,_,价格,正面
1447,_,又快,物流,正面
1447,_,给力,整体,正面
1448,_,很好用,整体,正面
1448,_,很显白,功效,正面
1448,_,特别好推开,使用体验,正面
1448,_,好评,整体,正面
1448,_,很快,物流,正面
1449,_,特别拔干,使用体验,负面
1449,_,不好推开,使用体验,负面
1450,价格,便宜多了,价格,正面
1451,_,还不错,整体,正面
1452,_,很小,尺寸,负面
1453,物流,很好,物流,正面
1453,_,很给力的,整体,正面
1454,_,很自然,功效,正面
1455,持久度,好,功效,正面
1455,_,非常好用,整体,正面
1455,_,不干,使用体验,正面
1456,_,不错,整体,正面
1457,物流,快,物流,正面
1457,_,挺好的,整体,正面
1457,_,方便,整体,正面
1457,_,快捷,物流,正面
1458,_,不错,整体,正面
1458,_,挺好用的,整体,正面
1459,_,_,_,_
1460,包装,_,包装,正面
1460,_,不错,整体,正面
1461,_,还行,整体,正面
1462,_,不错,整体,正面
1463,_,非常好用,整体,正面
1464,_,离挺好用,整体,正面
1465,_,很好,整体,正面
1466,清洁能力,一般,功效,中性
1467,_,是正品,真伪,正面
1468,_,很喜欢,整体,正面
1469,_,挺好用的,整体,正面
1470,_,全五星好评,整体,正面
1471,味道,挺舒服的,气味,正面
1471,_,还不错,整体,正面
1472,_,特别好用,整体,正面
1473,_,真的好,整体,正面
1474,_,简单,整体,正面
1475,_,挺好的,整体,正面
1475,_,薄薄的,使用体验,正面
1476,_,很好,整体,正面
1476,_,很满意,整体,正面
1477,_,还可以,整体,正面
1477,赠品,_,价格,正面
1478,味道,好闻,气味,正面
1478,_,很划算,价格,正面
1479,_,不错,整体,正面
1480,_,不紧绷,使用体验,正面
1480,_,干皮,使用体验,正面
1480,_,挺舒服,使用体验,正面
1481,价格,太快,价格,正面
1481,_,还行,整体,正面
1482,卸妆,很干净,功效,正面
1482,_,很好用,整体,正面
1482,_,温和,使用体验,正面
1482,_,不刺激,使用体验,正面
1483,_,不错,整体,正面
1484,_,还可以,整体,正面
1484,_,有点干,使用体验,负面
1485,_,挺好用的,整体,正面
1485,_,清爽,使用体验,正面
1485,_,不粘腻,使用体验,正面
1486,价格,便宜,价格,正面
1486,_,挺好的,整体,正面
1487,快递小哥态度,很好,物流,正面
1487,物流,很快,物流,正面
1487,_,挺好的,整体,正面
1488,_,特别好用,整体,正面
1489,_,_,_,_
1490,服务,特好,服务,正面
1490,_,很好,整体,正面
1491,_,很满意,整体,正面
1491,_,是正品,真伪,正面
1491,_,很划算,价格,正面
1492,_,超好用,整体,正面
1492,_,点不开,整体,负面
1493,_,好用,整体,正面
1493,_,实惠,价格,正面
1494,_,不错,整体,正面
1494,_,很水润,使用体验,正面
1495,_,挺不错的,整体,正面
1496,_,不错,整体,正面
1496,_,挺好用的,整体,正面
1496,_,很划算,价格,正面
1497,到货,很快,物流,正面
1497,_,是正品,真伪,正面
1498,_,好评,整体,正面
1499,_,挺好,整体,正面
1500,_,不错,整体,正面
1500,_,量太少了,尺寸,负面
1501,_,挺好用的,整体,正面
1501,_,很方便,整体,正面
1502,_,挺好用的,整体,正面
1502,_,挺滋润的,使用体验,正面
1502,快递小哥服务态度,_,物流,正面
1503,_,还不错,整体,正面
1504,_,不错,整体,正面
1504,_,很喜欢,整体,正面
1505,_,很好用,整体,正面
1506,_,非常好,整体,正面
1507,补水效果,不错,功效,正面
1507,价格,合理,价格,正面
1507,快递,给力,物流,正面
1508,快递,超快,物流,正面
1508,优惠力度,很大,价格,正面
1508,_,很满意,整体,正面
1509,价格,有点小贵,价格,负面
1509,_,物有所值,整体,正面
1510,补水,很好用,功效,正面
1510,清洁,_,功效,正面
1511,价格,不会很贵,价格,正面
1511,_,很好用,整体,正面
1512,保湿,一般,功效,正面
1513,价格,实惠,价格,正面
1513,优惠活动,_,价格,正面
1514,发货速度,超快,物流,正面
1514,保湿效果,好,功效,正面
1514,_,合适,整体,正面
1515,_,还不错,整体,正面
1515,_,能遮瑕,功效,正面
1515,_,不近看,功效,正面
1516,活动,_,价格,正面
1516,_,超级划算,价格,正面
1517,味道,很好闻,气味,正面
1518,清洁能力,_,功效,正面
1518,_,干爽舒服,使用体验,正面
1519,_,好用,整体,正面
1519,_,不油腻,使用体验,正面
1519,_,很自然,功效,正面
1519,_,服帖,使用体验,正面
1520,味道,挺好闻,气味,正面
1520,清洁能力,挺好用的,功效,正面
1520,_,很好,整体,正面
1520,_,好评,整体,正面
1521,味道,不好,气味,负面
1521,_,不喜欢,整体,负面
1521,_,很紧绷,使用体验,负面
1522,_,非常好,整体,正面
1523,_,挺不错的,整体,正面
1523,_,很细腻,使用体验,正面
1523,_,很自然,功效,正面
1524,_,很好用,整体,正面
1524,_,水嫩,使用体验,正面
1524,_,光泽,使用体验,正面
1524,_,不错,整体,正面
1524,活动,_,价格,正面
1524,_,超值,价格,正面
1525,_,挺好,整体,正面
1525,_,是正品,真伪,正面
1526,_,不错,整体,正面
1526,活动,_,价格,正面
1527,_,好用,整体,正面
1528,价格,便宜,价格,正面
1528,活动,_,价格,正面
1528,_,很好用,整体,正面
1529,_,不错,整体,正面
1530,_,非常不错,整体,正面
1530,_,很喜欢,整体,正面
1531,物流,给了,物流,正面
1531,_,很好,整体,正面
1531,_,不错,整体,正面
1532,_,不行,整体,负面
1533,精华液,很多,成分,正面
1533,_,挺好的,整体,正面
1534,_,还可以,整体,正面
1535,包装,完好,包装,正面
1536,_,很喜欢,整体,正面
1536,_,不错,整体,正面
1537,成分,安全,功效,正面
1537,补湿效果,还可以,功效,正面
1538,_,非常好用,整体,正面
1538,_,不紧绷,使用体验,正面
1539,_,很滋润,使用体验,正面
1539,_,很自然,功效,正面
1539,_,挺满意的,整体,正面
1540,送货,很快,物流,正面
1540,快递师傅,很耐心,物流,正面
1541,味道,不错,气味,正面
1541,_,很好闻,气味,正面
1542,_,不错,整体,正面
1542,_,给力,整体,正面
1543,_,伪劣品,真伪,负面
1544,_,真好,整体,正面
1544,_,更快,物流,正面
1545,价格,很实惠,价格,正面
1545,_,不错,整体,正面
1546,_,还可以,整体,正面
1546,_,没有,整体,负面
1547,_,物美价廉,价格,正面
1548,_,不错,整体,正面
1548,_,物美价廉,价格,正面
1549,物流,很快,物流,正面
1550,_,好用,整体,正面
1550,_,挺好用的,整体,正面
1551,_,不错,整体,正面
1551,_,超级划算,价格,正面
1552,_,非常好用,整体,正面
1552,_,服帖,使用体验,正面
1552,_,提亮肤色,功效,正面
1553,_,不错,整体,正面
1554,_,不错,整体,正面
1555,_,挺好的,整体,正面
1556,_,不错,整体,正面
1557,_,还可以,整体,正面
1558,_,还可以,整体,正面
1558,_,便宜,价格,正面
1559,_,温和,使用体验,正面
1560,价格,很实惠,价格,正面
1560,_,还不错,整体,正面
1560,_,很保湿,功效,正面
1560,_,好评,整体,正面
1561,_,好用,整体,正面
1561,_,很喜欢,整体,正面
1562,_,不错,整体,正面
1563,_,非常好,整体,正面
1564,配送速度,很快,物流,正面
1565,_,还不错,整体,正面
1566,_,不错,整体,正面
1566,_,好使,整体,正面
1566,_,挺好,整体,正面
1567,_,不油腻,使用体验,正面
1567,_,很好上妆,功效,正面
1567,_,喜欢,整体,正面
1568,颜值,不错,其他,正面
1568,送货,快,物流,正面
1568,服务,好,物流,正面
1568,_,不错,整体,正面
1569,_,挺好用的,整体,正面
1570,_,好评,整体,正面
1571,物流,快,物流,正面
1571,_,好,整体,正面
1572,味道,不是很喜欢,气味,负面
1572,肤感,不错,使用体验,正面
1573,_,挺不错的,整体,正面
1574,_,特别好,整体,正面
1575,_,辣眼睛,使用体验,负面
1576,快递小哥速度,杠杠滴,物流,正面
1576,态度,不错,物流,正面
1576,_,很满意,整体,正面
1577,_,挺补水的,功效,正面
1578,_,_,_,_
1579,_,很不错,整体,正面
1580,赠品,很多,价格,正面
1580,_,还可以,整体,正面
1580,_,正品,真伪,正面
1581,_,还不错,整体,正面
1582,_,保湿,功效,正面
1582,_,补水,功效,正面
1583,_,非常好,整体,正面
1583,_,物超所值,整体,正面
1584,_,还不错,整体,正面
1584,_,快捷,物流,正面
1585,_,非常不错,整体,正面
1585,_,很明显效果,功效,正面
1585,_,不容易脱妆,使用体验,正面
1586,_,很实惠,价格,正面
1586,_,挺划算的,价格,正面
1587,_,挺好的,整体,正面
1587,_,不错,整体,正面
1587,_,比较水润,使用体验,正面
1587,_,不油腻,使用体验,正面
1587,_,很清爽,使用体验,正面
1588,_,非常好用,整体,正面
1589,_,非常棒,整体,正面
1589,_,嫩嫩的,使用体验,正面
1590,气味,很好闻,气味,正面
1591,_,有点干,使用体验,负面
1591,_,还可以,整体,正面
1592,味道,很淡,气味,正面
1592,价格,不贵,价格,正面
1592,_,很喜欢,整体,正面
1592,_,不厚重,使用体验,正面
1592,_,淡淡的亮,使用体验,正面
1593,保持时间,比较短,功效,正面
1593,保湿,还行,功效,正面
1593,_,一般,整体,中性
1593,_,没有浮粉,使用体验,正面
1594,卸妆,挺干净的,功效,正面
1594,_,满意,整体,正面
1595,_,还可以,整体,正面
1596,_,很划算,价格,正面
1597,_,量挺多的,其他,正面
1598,_,挺好的,整体,正面
1598,_,便宜,价格,正面
1599,精华液,_,成分,正面
1599,_,失望,整体,负面
1600,价格,美丽,价格,正面
1600,_,很温和,使用体验,正面
1601,价格,差不多,价格,正面
1601,_,还行,整体,正面
1602,价格,便宜,价格,正面
1602,性价比,一般,价格,正面
1603,遮瑕效果,不错,功效,正面
1603,_,不错的,整体,正面
1603,_,自然,功效,正面
1604,价格,便宜,价格,正面
1604,物流,快,物流,正面
1605,香味,淡淡的,气味,正面
1605,_,非常好,整体,正面
1605,_,非常滋润,使用体验,正面
1605,_,遮瑕,功效,正面
1606,提亮效果,明显,功效,正面
1606,_,非常好用,整体,正面
1606,_,不卡粉,使用体验,正面
1606,_,特别服帖,使用体验,正面
1607,香味,淡些,气味,正面
1607,_,还行,整体,正面
1607,_,更好,整体,正面
1608,快递,很快,物流,正面
1609,_,小痘痘,使用体验,负面
1610,_,比较稀的,尺寸,负面
1611,_,很好用的,整体,正面
1611,_,很滋润,使用体验,正面
1612,外壳,软趴趴的,包装,负面
1612,设计,有问题,包装,负面
1613,_,挺多,价格,正面
1613,_,还不错,整体,正面
1614,_,挺喜欢,整体,正面
1615,_,真心不错,整体,正面
1616,_,滋润,使用体验,正面
1616,_,服帖,使用体验,正面
1617,_,非常的不错,整体,正面
1617,_,淡淡的,气味,正面
1617,_,清香,气味,正面
1618,隔离效果,特别高,功效,正面
1618,_,很水润,使用体验,正面
1619,_,不错,整体,正面
1620,出水口设计,很棒,功效,正面
1620,_,很不错,整体,正面
1620,_,很足,整体,正面
1621,商家,很热心,服务,正面
1621,_,很好,整体,正面
1621,_,体贴入微,功效,正面
1622,_,还可以,整体,正面
1622,_,好小,尺寸,负面
1623,颜色,很自然,功效,正面
1623,_,超级划算,价格,正面
1623,_,喜欢,整体,正面
1624,_,很持久,功效,正面
1624,_,挺舒服,使用体验,正面
1625,_,还不错的,整体,正面
1626,_,高大上,整体,正面
1626,_,很精致,整体,正面
1627,_,很好用,整体,正面
1628,清洁能力,一般般,功效,正面
1629,_,很好,整体,正面
1629,_,物有所值,整体,正面
1630,_,那么轻的,尺寸,负面
1631,配送服务,非常好,物流,正面
1631,_,好用,整体,正面
1631,包装,_,包装,正面
1632,_,物超所值,整体,正面
1632,_,棒棒哒,整体,正面
1633,_,很好用的,整体,正面
1633,_,很喜欢,整体,正面
1634,_,挺好用的,整体,正面
1635,物流,很合适,物流,正面
1635,_,好用的,整体,正面
1636,口红颜色,不喜欢,功效,负面
1637,性价比,高,价格,正面
1637,_,非常喜欢,整体,正面
1637,_,很好,整体,正面
1638,_,好用,整体,正面
1638,_,滑滑的,使用体验,正面
1639,物流,超快,物流,正面
1640,物流,很快,物流,正面
1640,_,非常好,整体,正面
1640,_,很满意,整体,正面
1640,_,不错,整体,正面
1641,_,非常喜欢,整体,正面
1642,_,很便宜,价格,正面
1642,_,很划算,价格,正面
1643,_,好用,整体,正面
1644,补水,超级棒,功效,正面
1644,_,超级棒,整体,正面
1645,_,好用,整体,正面
1645,_,不卡粉,使用体验,正面
1645,_,自然,功效,正面
1646,物流,快,物流,正面
1646,包装,好,包装,正面
1647,颜色,很好,功效,正面
1647,_,不觉得干,使用体验,正面
1647,_,很容易划开,使用体验,正面
1648,物流,挺快的,物流,正面
1649,_,划算,价格,正面
1649,_,没礼物,价格,负面
1650,_,不错,整体,正面
1650,_,挺好用的,整体,正面
1651,_,很适合,整体,正面
1651,_,不卡粉,使用体验,正面
1652,_,非常好,整体,正面
1652,_,淡淡的香,气味,正面
1652,_,很喜欢,整体,正面
1653,味道,特别喜欢,气味,正面
1653,_,好用,整体,正面
1654,性价比,很高,价格,正面
1654,价格,超级优惠,价格,正面
1654,_,很好用,整体,正面
1654,_,很满意,整体,正面
1655,_,很温和,使用体验,正面
1656,_,很好用,整体,正面
1657,_,不错,整体,正面
1657,_,很好用,整体,正面
1657,_,很亮,使用体验,正面
1658,_,真的不错,整体,正面
1659,_,便宜,价格,正面
1659,_,好用,整体,正面
1660,_,还行,整体,正面
1661,价格,很实惠,价格,正面
1661,_,还可以,整体,正面
1662,补水效果,很棒,功效,正面
1663,价格,便宜,价格,正面
1663,_,不错,整体,正面
1664,_,好白,功效,正面
1664,_,太假面了,整体,负面
1665,_,很棒,整体,正面
1665,_,绝对好用,整体,正面
1666,味道,很好闻,气味,正面
1666,_,很保湿,功效,正面
1666,_,不错,整体,正面
1667,保湿,不错,功效,正面
1668,价格,实惠,价格,正面
1668,_,有点少,其他,负面
1669,_,很舒服,使用体验,正面
1669,_,不紧绷,使用体验,正面
1669,_,不错的,整体,正面
1670,快递,很给力,物流,正面
1670,气味,很香,气味,正面
1671,_,不错,整体,正面
1671,_,不油腻,使用体验,正面
1671,_,润润的,使用体验,正面
1672,遮瑕效果,行,功效,正面
1672,_,还不错,整体,正面
1672,_,不卡粉,使用体验,正面
1673,_,不怎么白,功效,负面
1673,_,有点掉妆,功效,负面
1674,酒精味道,特别大,气味,负面
1674,_,不好用,整体,负面
1674,_,刺鼻,气味,负面
1675,补水效果,很好,功效,正面
1676,_,有点用,整体,负面
1677,服务,好,服务,正面
1677,物流,快,物流,正面
1677,_,不错,整体,正面
1677,_,很好,整体,正面
1677,_,物美价廉,价格,正面
1678,活动,很便宜,价格,正面
1678,性价比,高,价格,正面
1678,_,好用,整体,正面
1679,_,不错的,整体,正面
1679,_,挺漂亮,整体,正面
1680,_,物美价廉,价格,正面
1680,_,真心好物,整体,正面
1681,优惠活动价格,不错,价格,正面
1681,_,有点掉毛,使用体验,负面
1682,发货,很快,物流,正面
1682,成膜速度,一般,功效,正面
1682,包装,不错,包装,正面
1682,_,算友好,整体,正面
1682,_,很滋润,使用体验,正面
1682,_,轻微泛白,功效,正面
1683,_,比较补水,功效,正面
1684,补水效果,很好,功效,正面
1685,_,很好用,整体,正面
1685,_,足,整体,正面
1685,_,还不错,整体,正面
1686,_,特别满意,整体,正面
1687,效果,很好,功效,正面
1687,_,很细腻,使用体验,正面
1687,_,很满意,整体,正面
1688,_,么好,整体,正面
1689,_,挺好的,整体,正面
1690,_,很好用,整体,正面
1691,补水,不错,功效,正面
1692,_,还不错,整体,正面
1693,_,_,_,_
1694,包装,不错,包装,正面
1694,_,挺香的,气味,正面
1695,速度,_,物流,正面
1695,_,压扁了,使用体验,负面
1696,活动,_,价格,正面
1696,_,然服,整体,正面
1697,物流,很快的,物流,正面
1697,_,挺好用的,整体,正面
1697,_,好评,整体,正面
1698,补水效果,可以,功效,正面
1698,_,平价,价格,正面
1699,_,没问题,整体,正面
1700,_,不错,整体,正面
1700,_,很自然,功效,正面
1701,_,挺喜欢,整体,正面
1702,_,不贵,价格,正面
1703,补水,棒棒的,功效,正面
1704,_,很好,整体,正面
1704,_,非常补水,功效,正面
1704,_,保湿,功效,正面
1704,_,不错,整体,正面
1705,价格,实惠,价格,正面
1705,_,很好,整体,正面
1705,_,很光滑,使用体验,正面
1706,_,很好,整体,正面
1707,_,物有所值,整体,正面
1707,活动,_,价格,正面
1708,快递,好棒,物流,正面
1708,_,大赞,整体,正面
1709,快递,很给力,物流,正面
1709,_,很不错,整体,正面
1710,_,还不错,整体,正面
1710,_,挺好用的,整体,正面
1711,_,涂不开,使用体验,负面
1711,_,不好用,整体,负面
1712,包装,很好,包装,正面
1712,快递哥,很给力,物流,正面
1712,_,还可以,整体,正面
1713,_,很好用,整体,正面
1713,_,很干净,功效,正面
1713,_,不紧绷,使用体验,正面
1714,到货,很快,物流,正面
1715,卸妆,干净,功效,正面
1715,_,温和,使用体验,正面
1715,_,不刺激,使用体验,正面
1715,_,好用,整体,正面
1716,_,很喜欢,整体,正面
1717,_,好用,整体,正面
1717,_,超级好用,整体,正面
1718,_,好,整体,正面
1719,快递小哥,很准时,物流,正面
1720,_,超级好用,整体,正面
1721,_,好评,整体,正面
1722,美白,的效果,功效,正面
1722,_,很好用,整体,正面
1722,_,不干,使用体验,正面
1722,_,很自然,功效,正面
1723,_,很实惠,价格,正面
1724,_,不错,整体,正面
1724,_,很满意,整体,正面
1725,颜色,很自然,功效,正面
1725,_,很值,价格,正面
1726,价格幅,度,价格,正面
1726,_,也不咋,整体,负面
1727,_,好用,整体,正面
1727,_,好评,整体,正面
1728,物流,快,物流,正面
1728,服务态度,很好,物流,正面
1728,_,不错,整体,正面
1729,泡沫,多,使用体验,正面
1729,清洁能力,好用,功效,正面
1729,_,斯好,整体,正面
1730,_,支持,整体,正面
1730,_,很不错,整体,正面
1731,_,还不错,整体,正面
1732,价格,是正品,价格,正面
1732,_,非常棒,整体,正面
1732,_,很奈斯,整体,正面
1733,精华,超级多的,成分,正面
1733,_,很补水,功效,正面
1733,_,很多水,成分,正面
1734,_,不错,整体,正面
1735,_,很不错,整体,正面
1736,物流,很快,物流,正面
1737,_,好迷你,整体,正面
1738,价格,实惠,价格,正面
1738,物流速度,很快,物流,正面
1738,_,很好,整体,正面
1738,_,很喜欢,整体,正面
1738,_,赞一个,整体,正面
1739,快递,太快,物流,正面
1740,_,非常好,整体,正面
1740,_,非常光滑,使用体验,正面
1741,补水效果,很好,功效,正面
1741,_,还不错,整体,正面
1741,_,无刺激,使用体验,正面
1741,_,超赞,整体,正面
1742,物流,快,物流,正面
1742,价格,合适,价格,正面
1742,_,不错,整体,正面
1743,_,还可以,整体,正面
1743,_,遮暇,功效,正面
1744,_,美美哒,整体,正面
1744,_,比想象中好,整体,正面
1745,_,霜特别好,功效,正面
1746,温和度,比较好,使用体验,正面
1746,_,比较干净,功效,正面
1746,_,挺好,整体,正面
1747,_,很好,整体,正面
1747,_,很满意,整体,正面
1748,卸妆,干净,功效,正面
1748,_,很好用,整体,正面
1748,_,不紧绷,使用体验,正面
1749,_,很显白,功效,正面
1749,_,还挺好,整体,正面
1750,_,还不错,整体,正面
1750,_,不紧绷,使用体验,正面
1751,粉扑,卡脸,使用体验,负面
1752,收纳,方便,功效,正面
1752,_,挺好,整体,正面
1753,味道,很好闻,气味,正面
1753,_,挺好用的,整体,正面
1753,_,比较细腻,使用体验,正面
1753,_,不干燥,使用体验,正面
1754,_,便宜,价格,正面
1755,_,的挺好,整体,正面
1756,_,不怎么样,整体,负面
1756,_,不太喜欢,整体,负面
1757,_,很好用,整体,正面
1757,_,水嫩,使用体验,正面
1758,_,很喜欢,整体,正面
1758,_,好舒服,使用体验,正面
1759,保湿,还可以,功效,正面
1759,_,好多,整体,正面
1760,日期,太旧了,新鲜度,负面
1760,调子,高的很,功效,正面
1760,客服,_,服务,正面
1761,_,很好,整体,正面
1761,_,不错,整体,正面
1761,_,很舒服,使用体验,正面
1761,_,好评,整体,正面
1762,_,很细润,使用体验,正面
1763,遮红,挺好,功效,正面
1763,_,挺自然,功效,正面
1764,_,太干了,使用体验,负面
1764,_,很香,气味,正面
1765,_,还不错,整体,正面
1765,_,不油腻,使用体验,正面
1766,_,不错,整体,正面
1766,_,还可以,整体,正面
1767,_,挺好的,整体,正面
1768,物流,给力,物流,正面
1768,_,很喜欢,整体,正面
1769,物流,贼快,物流,正面
1769,_,还好吧,整体,正面
1769,_,便宜,价格,正面
1770,包装,很可爱,包装,正面
1770,_,很多,价格,正面
1771,价格,合理,价格,正面
1771,送货速度,很快,物流,正面
1771,赠品,_,价格,正面
1772,_,很好,整体,正面
1772,_,很快,物流,正面
1773,_,太稀了,使用体验,负面
1773,能力,_,功效,正面
1774,补水效果,很好,功效,正面
1774,大小,刚好,尺寸,正面
1774,_,物美价廉,价格,正面
1774,_,非常满意,整体,正面
1774,_,很薄,使用体验,正面
1775,泡沫,很多,使用体验,正面
1775,_,挺好使的,整体,正面
1776,_,还行,整体,正面
1776,_,过敏了,使用体验,负面
1777,补水效果,很好,功效,正面
1778,成膜,快,物流,正面
1778,防晒效果,好一点,功效,正面
1778,_,挺好的,整体,正面
1778,_,不油腻,使用体验,正面
1779,包装,很完美,包装,正面
1779,_,不错,整体,正面
1779,_,很实惠,价格,正面
1779,_,实惠,价格,正面
1780,包装,非常仔细,包装,正面
1780,发货速度,非常快,物流,正面
1780,_,严实,使用体验,正面
1781,_,很好,整体,正面
1782,_,特别喜欢,整体,正面
1783,_,很舒服,使用体验,正面
1783,_,很柔滑,使用体验,正面
1783,_,不硬,使用体验,正面
1784,送货速度,很快,物流,正面
1784,_,品有点小,尺寸,负面
1785,_,不错,整体,正面
1785,_,很喜欢,整体,正面
1786,送货速度,很快,物流,正面
1786,_,很好用,整体,正面
1786,_,遮暇,功效,正面
1786,_,棒棒的,整体,正面
1786,优惠活动,_,价格,正面
1786,_,很划算,价格,正面
1787,快递员服务,很好,物流,正面
1788,精华液,很多,成分,正面
1788,_,挺好用的,整体,正面
1788,_,很补水,功效,正面
1789,物流,快,物流,正面
1789,_,不错,整体,正面
1789,_,好,整体,正面
1790,_,超级喜欢,整体,正面
1790,_,特别舒服,使用体验,正面
1790,_,不刺激,使用体验,正面
1790,_,很好,整体,正面
1791,包装,可以,包装,正面
1792,_,比较水润的,使用体验,正面
1792,调整肤色,_,功效,正面
1792,_,比较自然,功效,正面
1793,_,蛮喜欢的,整体,正面
1794,物流,很快,物流,正面
1795,_,便宜,价格,正面
1796,_,好痒,使用体验,负面
1796,_,过敏,使用体验,负面
1797,_,很好,整体,正面
1797,_,是正品,真伪,正面
1798,快递小哥服务态度,好,物流,正面
1798,美白,_,功效,正面
1799,_,挺好用的,整体,正面
1800,_,非常不错,整体,正面
1801,_,水水嫩嫩的,使用体验,正面
1802,_,太赞了,整体,正面
1803,_,很好用,整体,正面
1803,_,挺薄的,使用体验,正面
1803,_,很水润,使用体验,正面
1804,_,不错,整体,正面
1804,赠品,_,价格,正面
1805,_,一点点,尺寸,负面
1806,物流,快,物流,正面
1806,_,不错,整体,正面
1806,_,是正品,真伪,正面
1807,水口,太大,尺寸,负面
1807,_,挺好用的,整体,正面
1808,包装箱,_,包装,正面
1808,抗震,_,功效,正面
1808,_,挺好,整体,正面
1808,_,是正品,真伪,正面
1809,_,不错,整体,正面
1810,_,是正品,真伪,正面
1811,_,很好用,整体,正面
1811,_,滋润,使用体验,正面
1811,_,不油腻,使用体验,正面
1811,_,不紧绷,使用体验,正面
1811,_,喜欢,整体,正面
1812,_,挺好用的,整体,正面
1812,_,喜欢,整体,正面
1812,_,很自然,功效,正面
1813,_,不错,整体,正面
1813,_,湿湿的,使用体验,正面
1814,_,很好用,整体,正面
1814,_,好评,整体,正面
1815,_,很喜欢,整体,正面
1815,_,好评,整体,正面
1816,香味,淡淡的,气味,正面
1816,_,非常不错,整体,正面
1816,_,很自然,功效,正面
1817,_,特别实惠,价格,正面
1817,_,比较水润,使用体验,正面
1817,_,喜欢,整体,正面
1818,隔离效果,超级棒,功效,正面
1818,_,挺好用的,整体,正面
1818,赠品,_,价格,正面
1818,_,比较完美,整体,正面
1819,颜色,很正,功效,正面
1819,_,不错,整体,正面
1820,发货,快,物流,正面
1820,_,不错,整体,正面
1820,_,好,整体,正面
1821,_,贴肤,使用体验,正面
1821,_,好用,整体,正面
1821,_,划算,价格,正面
1822,客服态度,很好,服务,正面
1822,_,不错的,整体,正面
1822,_,很好,整体,正面
1822,_,满意,整体,正面
1823,_,一点效果都没有,整体,负面
1824,_,量太少了,其他,负面
1824,_,还可以,整体,正面
1825,_,太简陋了,包装,负面
1826,_,不给差评,整体,正面
1826,_,太差了,整体,负面
1827,发货,特别快,物流,正面
1827,_,特别好用,整体,正面
1828,_,挺干净的,功效,正面
1829,_,还不错,整体,正面
1830,_,非常好用,整体,正面
1831,_,不错,整体,正面
1831,_,赞一个,整体,正面
1832,_,不怎么好用,整体,负面
1833,_,_,_,_
1834,_,还不错,整体,正面
1835,_,挺好用,整体,正面
1835,_,很柔和,使用体验,正面
1835,_,不紧绷,使用体验,正面
1836,补水效果,不错,功效,正面
1837,_,不错,整体,正面
1837,_,物美价廉,价格,正面
1838,_,忽悠人,整体,负面
1839,商家,很贴心,服务,正面
1839,小礼品,很多,价格,正面
1839,_,真的不错,整体,正面
1840,保湿,很好,功效,正面
1840,_,挺好的,整体,正面
1840,_,不干,使用体验,正面
1840,_,很润,使用体验,正面
1841,_,很好,整体,正面
1841,_,很保湿,功效,正面
1842,_,还不错,整体,正面
1843,_,很合适,整体,正面
1844,_,很快,物流,正面
1844,_,蛮好的,整体,正面
1845,精华,挺多的,成分,正面
1845,_,还不错,整体,正面
1846,_,不错,整体,正面
1847,_,挺好用的,整体,正面
1848,卸妆效果,差,功效,负面
1848,_,好评,整体,正面
1849,_,不好,整体,负面
1850,_,不错,整体,正面
1851,_,挺好用的,整体,正面
1851,_,正品,真伪,正面
1852,物流速度,很快,物流,正面
1853,_,不错,整体,正面
1854,粉质,很重,使用体验,负面
1854,_,比较淡,使用体验,正面
1855,_,挺清爽的,使用体验,正面
1855,_,不油腻,使用体验,正面
1856,活动,_,价格,正面
1856,_,好划算,价格,正面
1857,美白效果,还是有,功效,正面
1858,上色,不够好,功效,负面
1859,_,不错,整体,正面
1859,_,好评,整体,正面
1860,_,是正品,真伪,正面
1860,_,很好用,整体,正面
1861,快递小哥,这么给力,物流,正面
1861,_,不错,整体,正面
1861,_,很好用,整体,正面
1862,卸妆,很干净,功效,正面
1862,_,温和,使用体验,正面
1862,_,不刺激,使用体验,正面
1862,_,滑滑的,使用体验,正面
1862,_,舒服,使用体验,正面
1863,物流,很快,物流,正面
1864,物流,超快,物流,正面
1864,_,很好,整体,正面
1865,_,还不错,整体,正面
1865,_,带粉质,使用体验,正面
1866,清洁,可以,功效,正面
1866,_,满意,整体,正面
1866,_,挺清爽的,使用体验,正面
1867,赠品,_,价格,正面
1867,_,挺好的,整体,正面
1868,_,很不错,整体,正面
1868,_,有增白效果,功效,正面
1869,_,不错,整体,正面
1869,_,挺好用的,整体,正面
1869,_,干净,功效,正面
1869,_,不紧绷,使用体验,正面
1870,价格,优惠,价格,正面
1870,送货,快,物流,正面
1870,_,很好,整体,正面
1870,_,很满意,整体,正面
1871,_,很适合,整体,正面
1871,_,有点油,使用体验,负面
1872,_,_,_,_
1873,遮瑕,不是很好,功效,负面
1873,_,自然色,功效,正面
1874,_,好用,整体,正面
1875,_,非常满意,整体,正面
1876,活动,_,价格,正面
1876,_,很划算,价格,正面
1877,_,太严重,使用体验,负面
1878,_,很好用,整体,正面
1878,_,嫩嫩的,使用体验,正面
1879,_,很好,整体,正面
1879,_,很快,物流,正面
1880,粉质,细腻,使用体验,正面
1880,_,服帖,使用体验,正面
1881,_,水水的,使用体验,正面
1881,_,滑滑的,使用体验,正面
1881,补水效果,_,功效,正面
1881,_,可以的,整体,正面
1882,_,挺好用的,整体,正面
1883,速度,超快,物流,正面
1883,_,很实惠,价格,正面
1883,_,很满意,整体,正面
1884,_,不错,整体,正面
1885,_,很喜欢,整体,正面
1885,_,赞一下,整体,正面
1886,_,很自然,功效,正面
1886,_,很细腻,使用体验,正面
1886,_,不干,使用体验,正面
1886,_,不过敏,使用体验,正面
1886,_,真的不错,整体,正面
1887,发货,特别快,物流,正面
1887,_,特别好用,整体,正面
1888,_,不错,整体,正面
1889,_,_,_,_
1890,_,还不错,整体,正面
1891,活动价格,还不错,价格,正面
1892,_,还不错,整体,正面
1893,_,好用,整体,正面
1894,吸收,很快,使用体验,正面
1894,_,清爽,使用体验,正面
1894,_,不油腻,使用体验,正面
1894,美白的效果,_,功效,正面
1894,包装,_,包装,正面
1895,_,非常好,整体,正面
1895,_,非常棒,整体,正面
1896,_,很好,整体,正面
1897,_,洗着不紧绷,使用体验,正面
1898,服务态度,一点也不好,服务,负面
1898,_,过敏,使用体验,负面
1899,物流,好给力,物流,正面
1899,_,好喜欢,整体,正面
1900,_,不错,整体,正面
1901,_,还可以,整体,正面
1901,_,实惠,价格,正面
1902,_,挺不错的,整体,正面
1903,味道,挺好闻的,气味,正面
1903,速度,太快,物流,正面
1903,_,不错,整体,正面
1904,_,还可以的,整体,正面
1905,泡沫,细腻,使用体验,正面
1905,包装,很好,包装,正面
1905,_,柔软,使用体验,正面
1905,_,用着舒服,使用体验,正面
1906,妆感,非常好,功效,正面
1906,_,喜欢,整体,正面
1907,_,好用,整体,正面
1907,_,不紧绷,使用体验,正面
1908,活动,更划算,价格,正面
1909,_,比较滋润,使用体验,正面
1909,_,没有干燥起皮,使用体验,正面
1910,颜色,比较自然,功效,正面
1910,_,不错,整体,正面
1911,补水效果,好,功效,正面
1911,_,不油腻,使用体验,正面
1911,_,好评,整体,正面
1912,_,挺好的,整体,正面
1913,包装,没有损坏,包装,正面
1914,颜色,不是特别的白,功效,正面
1914,_,非常不错,整体,正面
1914,_,很润,使用体验,正面
1914,_,很自然,功效,正面
1914,_,喜欢,整体,正面
1915,味道,淡淡的,气味,正面
1915,_,不错,整体,正面
1915,_,挺好闻,气味,正面
1916,_,不错,整体,正面
1916,_,很喜欢,整体,正面
1917,_,不错,整体,正面
1918,送货速度,很快,物流,正面
1919,_,一点都不好用,整体,负面
1920,精华,清爽,使用体验,正面
1920,_,很服帖,使用体验,正面
1920,_,不粘,使用体验,正面
1921,_,不错,整体,正面
1921,赠品,_,价格,正面
1921,_,物美价廉,价格,正面
1922,_,不错,整体,正面
1923,_,很满意,整体,正面
1924,保装盒,没有,包装,负面
1925,_,挺水润的,使用体验,正面
1926,_,好用,整体,正面
1926,_,不过敏,使用体验,正面
1927,价格,非常实惠,价格,正面
1927,_,喜欢,整体,正面
1928,_,还可以的,整体,正面
1929,价格,非常实惠,价格,正面
1929,服务,非常热情,服务,正面
1929,_,很好,整体,正面
1930,_,一点都不好用,整体,负面
1931,_,清爽,使用体验,正面
1931,_,不油腻,使用体验,正面
1931,_,很喜欢,整体,正面
1932,_,挺好的,整体,正面
1933,_,物美价廉,价格,正面
1933,_,货真价实,整体,正面
1933,_,五星好评,整体,正面
1934,补水,还行,功效,正面
1934,_,还可以,整体,正面
1935,_,超级划算,价格,正面
1935,_,很舒服,使用体验,正面
1935,_,赞赞,整体,正面
1936,精华,太少,其他,负面
1936,_,一般,整体,中性
1937,_,还不错,整体,正面
1937,_,还行,整体,正面
1938,_,不不错,整体,正面
1939,_,很不错,整体,正面
1940,_,超棒的,整体,正面
1940,_,非常合适,整体,正面
1940,_,温和,使用体验,正面
1940,_,不绷紧,使用体验,正面
1940,_,很喜欢,整体,正面
1941,_,不错,整体,正面
1942,活动,_,价格,正面
1942,_,非常合算,价格,正面
1942,_,润润的,使用体验,正面
1943,活动,_,价格,正面
1943,_,非常,整体,正面
1944,_,非常好,整体,正面
1944,_,好评,整体,正面
1945,包装,完好,包装,正面
1945,_,是正品,真伪,正面
1946,_,非常好用,整体,正面
1946,_,柔和,使用体验,正面
1946,_,细腻,使用体验,正面
1946,_,美好,整体,正面
1946,_,喜欢,整体,正面
1947,_,红肿,使用体验,负面
1948,_,很划算,价格,正面
1948,_,很舒服,使用体验,正面
1949,_,一般般,整体,中性
1949,_,很干,使用体验,负面
1949,_,抹不开,使用体验,负面
1949,_,不服帖,使用体验,负面
1950,包装,精美,包装,正面
1950,日期,新鲜,新鲜度,负面
1950,_,不错,整体,正面
1950,_,有遮瑕效果,功效,正面
1951,保湿效果,不错,功效,正面
1951,_,还行,整体,正面
1951,_,很水嫩,使用体验,正面
1952,泡沫,细腻,使用体验,正面
1952,_,丰富,使用体验,正面
1952,_,轻微紧绷感,使用体验,正面
1953,价格,实惠,价格,正面
1953,_,还不错,整体,正面
1954,_,_,_,_
1955,_,挺水润的,使用体验,正面
1955,_,很喜欢,整体,正面
1956,_,很好用,整体,正面
1956,_,不过敏,使用体验,正面
1957,_,是正品,真伪,正面
1957,_,很好,整体,正面
1957,_,不过敏,使用体验,正面
1958,香味,淡淡的,气味,正面
1958,_,蛮好,整体,正面
1958,_,不油腻,使用体验,正面
1958,_,有点增白效果,功效,正面
1959,保湿效果,不错,功效,正面
1959,卖家服务态度,很好,服务,正面
1959,发货速度,快,物流,正面
1959,保湿,_,功效,正面
1959,_,很满意,整体,正面
1960,_,非常好用,整体,正面
1960,_,滋润,使用体验,正面
1960,_,保湿,功效,正面
1960,_,不过敏,使用体验,正面
1961,物流,一般,物流,正面
1961,快递盒,_,包装,负面
1962,遮瑕效果,不很好,功效,负面
1962,快递,挺快的,物流,正面
1962,快递员服务,好,物流,正面
1962,包装,_,包装,正面
1963,_,好评,整体,正面
1964,赠品,好用,价格,正面
1964,_,不错,整体,正面
1964,_,很实惠,价格,正面
1965,_,还不错,整体,正面
1966,包装,有点简陋,包装,负面
1966,快递,真快,物流,正面
1966,_,破损,包装,负面
1967,_,非常满意,整体,正面
1968,_,比较方便,整体,正面
1969,_,不太好用,整体,负面
1969,_,太干,使用体验,负面
1970,_,挺好的,整体,正面
1970,_,不显假,使用体验,正面
1971,优惠力度,很高,价格,正面
1971,_,很好用,整体,正面
1972,物流,好快,物流,正面
1973,_,蛮清爽的,使用体验,正面
1974,_,很刺眼,使用体验,负面
1975,味道,很不错的,气味,正面
1975,_,很自然,功效,正面
1975,_,不会起皮,使用体验,正面
1975,_,很清新,使用体验,正面
1976,_,好用,整体,正面
1977,_,不错,整体,正面
1978,味道,还行,气味,正面
1978,_,有点点白,功效,负面
1979,发货速度,很快,物流,正面
1980,活动,_,价格,正面
1980,_,很实惠,价格,正面
1980,_,不错,整体,正面
1980,赠品,_,价格,正面
1981,味道,不大喜欢,气味,负面
1981,_,很满意,整体,正面
1981,_,很舒服,使用体验,正面
1981,_,很不错,整体,正面
1982,速度,很快,物流,正面
1982,_,挺好用的,整体,正面
1982,_,比较服帖,使用体验,正面
1982,_,自然,功效,正面
1982,_,好评,整体,正面
1983,价格,优惠,价格,正面
1983,_,还可以,整体,正面
1983,_,好评,整体,正面
1984,_,是正品,真伪,正面
1985,_,超划算,价格,正面
1985,_,挺补水的,功效,正面
1986,遮瑕效果,不错,功效,正面
1986,赠品,多,价格,正面
1986,_,挺好的,整体,正面
1987,活动,_,价格,正面
1987,_,挺好用的,整体,正面
1987,_,还不错,整体,正面
1987,_,很均匀,使用体验,正面
1988,_,真的很滑,使用体验,正面
1989,_,挺好的,整体,正面
1990,价格,不贵,价格,正面
1990,_,非常好用,整体,正面
1991,_,很好用,整体,正面
1991,_,便宜,价格,正面
1992,_,好用,整体,正面
1993,性价比,高,价格,正面
1993,_,提亮,功效,正面
1993,_,不脱妆,功效,正面
1994,_,很适合,整体,正面
1995,味道,淡淡的,气味,负面
1995,_,那么好,整体,正面
1995,_,不持久,使用体验,负面
1995,_,还行,整体,正面
1996,_,很滋润,使用体验,正面
1996,_,不干,使用体验,正面
1996,_,遮瑕,功效,正面
1997,_,特别喜欢,整体,正面
1997,_,凉凉的,使用体验,正面
1997,_,特别舒服,使用体验,正面
1997,_,不刺激,使用体验,正面
1998,味道,淡淡的,气味,正面
1998,香味,很棒,气味,正面
1998,_,是正品,真伪,正面
1999,_,好,整体,正面
2000,_,好多,价格,正面
2000,_,好实惠,价格,正面
2000,_,非常好用,整体,正面
2001,物流,还行,物流,正面
2001,_,不太好,整体,负面
2002,_,挺不错的,整体,正面
2003,颜色,自然,功效,正面
2003,外壳,好看,包装,正面
2003,_,非常好看,整体,正面
2004,_,好,整体,正面
2005,_,挺好的,整体,正面
2006,_,挺柔和的,使用体验,正面
2006,_,不刺激,使用体验,正面
2007,保湿效果,很好,功效,正面
2007,_,挺好用的,整体,正面
2008,_,凉凉的,使用体验,正面
2009,_,一般般,整体,中性
2010,_,非常好用,整体,正面
2011,补水效果,不错,功效,正面
2012,_,很温和,使用体验,正面
2012,_,好方便,功效,正面
2012,_,很贴心,使用体验,正面
2013,_,不错,整体,正面
2014,_,挺好的,整体,正面
2015,_,很锁水的感觉,功效,正面
2015,_,不会腻,使用体验,正面
2016,_,蛮干净的,功效,正面
2017,隔离效果,好,功效,正面
2017,_,滋润,使用体验,正面
2017,_,美白,功效,正面
2018,保湿,可以,功效,正面
2018,补水,五星好评,功效,正面
2019,客服态度,不好,服务,负面
2019,_,很差,整体,负面
2019,_,没有责任心,整体,负面
2020,_,不错,整体,正面
2021,味道,太浓,气味,负面
2021,泡沫,刺眼睛,使用体验,负面
2021,_,不过敏,使用体验,正面
2022,控油,特别好,功效,正面
2022,_,还不错,整体,正面
2023,_,很好,整体,正面
2024,发货,很快,物流,正面
2024,_,物美价廉,价格,正面
2024,_,五星好评,整体,正面
2025,_,挺好看,整体,正面
2026,_,果很不,功效,正面
2027,妆感,有点厚,功效,负面
2028,洁面,一般般,功效,正面
2029,_,还可以,整体,正面
2029,_,比较轻薄,使用体验,正面
2030,_,喜欢,整体,正面
2031,_,特别补水,功效,正面
2032,赠品,很多,价格,正面
2032,_,最适合,整体,正面
2032,_,细腻,使用体验,正面
2032,_,自然,功效,正面
2032,_,太好了,整体,正面
2033,_,挺好用的,整体,正面
2034,_,很温和,使用体验,正面
2034,_,还不错,整体,正面
2034,_,挺舒服的,使用体验,正面
2034,_,很划算,价格,正面
2034,_,超级实惠,价格,正面
2034,_,很好用,整体,正面
2035,活动,超级划算,价格,正面
2035,_,非常好用,整体,正面
2036,_,垃圾,整体,负面
2036,_,差评,整体,负面
2037,送货,特别快,物流,正面
2037,_,送货到家,物流,正面
2037,快递员,_,物流,正面
2037,_,特别好用,整体,正面
2037,_,太划算了,价格,正面
2038,_,很不错,整体,正面
2038,_,实惠,价格,正面
2039,_,不错,整体,正面
2039,_,好用,整体,正面
2040,味道,好,气味,正面
2040,_,很不错,整体,正面
2041,_,均匀,使用体验,正面
2041,淡斑效果,_,功效,正面
2041,_,很轻薄,使用体验,正面
2042,_,是正品,真伪,正面
2042,_,满意,整体,正面
2043,物流,很快,物流,正面
2043,_,挺不错,整体,正面
2044,_,很给力,整体,正面
2045,价钱,挺好的,价格,正面
2045,_,不怎么样,整体,负面
2046,_,有一股臭味,气味,负面
2047,_,还不错,整体,正面
2048,精华,特别多,成分,正面
2048,_,的快,物流,正面
2048,_,好用到爆,整体,正面
2049,香味,淡淡的,气味,正面
2049,_,很喜欢,整体,正面
2049,_,不腻,使用体验,正面
2050,包装,还可以,包装,正面
2050,_,还行,整体,正面
2050,大小,_,尺寸,正面
2051,_,很自然,功效,正面
2051,_,白的好假,功效,正面
2051,_,自然的美,功效,正面
2051,_,不错,整体,正面
2052,_,好用,整体,正面
2052,_,很服帖,使用体验,正面
2053,气味,没有任何,气味,负面
2053,_,清爽,使用体验,正面
2053,_,不知是否正品,真伪,中性
2054,_,发干,使用体验,负面
2054,_,起皮,使用体验,负面
2054,_,严重,使用体验,负面
2055,上妆,很合适,功效,正面
2055,_,挺好的,整体,正面
2055,_,不错,整体,正面
2055,气味,_,气味,正面
2056,8的优惠,_,价格,正面
2056,_,晒霜没有,功效,负面
2057,_,好用,整体,正面
2057,_,便宜太多了,价格,正面
2057,_,太划算了,价格,正面
2058,价格,实惠,价格,正面
2058,送货,快,物流,正面
2058,_,赞一个,整体,正面
2059,快递小哥服务,到位,物流,正面
2059,_,不错,整体,正面
2059,_,非常喜欢,整体,正面
2060,_,很清爽,使用体验,正面
2060,_,好,整体,正面
2061,味道,淡淡的,气味,正面
2061,赠品,很多,价格,正面
2061,_,清香,气味,正面
2061,_,很满意,整体,正面
2062,味道,难闻,气味,负面
2062,_,不会起泡泡,使用体验,正面
2063,_,挺好的,整体,正面
2064,_,过敏,使用体验,负面
2065,物流,相当快,物流,正面
2065,包装,精致,包装,正面
2065,_,一如既往的好,整体,正面
2066,做工,细致,使用体验,正面
2066,_,好用,整体,正面
2066,_,湿润,使用体验,正面
2066,_,舒服,使用体验,正面
2066,_,弹力,使用体验,正面
2066,补水效果,_,功效,正面
2067,_,很好,整体,正面
2067,_,比较自然,功效,正面
2068,味道,勉强可以,气味,正面
2068,_,很少,其他,负面
2068,_,不像是正品,真伪,中性
2069,气味,难闻的,气味,负面
2069,_,不好用,整体,负面
2070,_,好用,整体,正面
2071,_,过敏,使用体验,负面
2071,_,很严重,使用体验,负面
2072,物流,超快,物流,正面
2072,_,是正品,真伪,正面
2073,补水效果,很好,功效,正面
2073,_,的正品,真伪,正面
2073,_,刺激,使用体验,正面
2074,容量,多,其他,正面
2074,香味,有点重,气味,负面
2074,_,特别薄,使用体验,正面
2074,_,很服帖,使用体验,正面
2075,包装,太差,包装,负面
2076,上妆,有点遮瑕效果,功效,负面
2076,持妆效果,不错,功效,正面
2076,_,很服帖,使用体验,正面
2076,_,挺遮毛孔的,功效,正面
2077,_,不错,整体,正面
2077,_,很喜欢,整体,正面
2078,价格,合理,价格,正面
2078,_,还可以,整体,正面
2079,_,不错,整体,正面
2079,_,还可以,整体,正面
2080,保湿,很好,功效,正面
2080,遮暇效果,不错,功效,正面
2080,快递,很快,物流,正面
2080,_,非常喜欢,整体,正面
2080,_,满意,整体,正面
2080,_,好评,整体,正面
2081,_,挺好的,整体,正面
2081,_,很划算,价格,正面
2082,味道,很好看,气味,正面
2082,_,很服帖,使用体验,正面
2082,_,香香的,气味,正面
2082,_,很不错,整体,正面
2083,_,很水润,使用体验,正面
2083,_,很服帖,使用体验,正面
2083,_,很划算,价格,正面
2084,_,还可以,整体,正面
2084,_,很好吸收,使用体验,负面
2084,_,很蠢,整体,负面
2085,_,蛮好的,整体,正面
2086,卖家,真有心,服务,正面
2086,_,好评,整体,正面
2087,服务,很好,服务,正面
2088,_,蛮好的,整体,正面
2089,_,觉还不,整体,正面
2089,_,没有过,整体,负面
2090,价格,适中,价格,正面
2090,_,很不错,整体,正面
2090,_,不会太干,使用体验,正面
2090,_,很喜欢,整体,正面
2090,_,粉粉的,使用体验,负面
2091,价格,实惠,价格,正面
2091,_,很方便,整体,正面
2092,_,好用,整体,正面
2092,_,一般般,整体,中性
2093,快递,非常快,物流,正面
2093,_,是正品,真伪,正面
2093,_,挺滋润,使用体验,正面
2093,_,特别方便,整体,正面
2093,_,挺好的,整体,正面
2094,_,很好用,整体,正面
2095,_,是正品,真伪,正面
2095,_,很好用,整体,正面
2096,_,好用,整体,正面
2096,_,非常喜欢,整体,正面
2097,_,挺好的,整体,正面
2098,喜欢,装也很,整体,正面
2098,_,很补水,功效,正面
2098,_,一样超,整体,正面
2099,_,一如既往的喜欢,整体,正面
2100,物流,很快,物流,正面
2100,_,很满意,整体,正面
2101,_,很不错,整体,正面
2101,_,容易抹开,使用体验,正面
2101,_,很喜欢,整体,正面
2102,_,很划算,价格,正面
2103,气味,刺鼻的,气味,负面
2103,_,不是正品,真伪,负面
2104,包装,精美,包装,正面
2104,_,物美价廉,价格,正面
2105,上妆,特别服帖,功效,正面
2105,价格,实惠,价格,正面
2105,物流,很快,物流,正面
2105,_,很喜欢,整体,正面
2106,_,很棒,整体,正面
2107,快递,很快,物流,正面
2107,_,很好用,整体,正面
2107,_,是正品,真伪,正面
2108,遮瑕,不太好,功效,负面
2108,_,还不错,整体,正面
2108,_,挺自然,功效,正面
2109,_,划算,价格,正面
2109,售后,_,服务,正面
2110,_,_,_,_
2111,_,不错,整体,正面
2111,设计,_,包装,正面
2112,快递速度,很快,物流,正面
2112,_,非常好,整体,正面
2113,价格,比较便宜,价格,正面
2114,_,太干了,使用体验,负面
2115,性价比,高,价格,正面
2115,_,很不错,整体,正面
2116,_,挺好的,整体,正面
2117,_,挺好的,整体,正面
2118,_,没什么效果,整体,负面
2118,_,有点刺痛,使用体验,负面
2119,包装,不好,包装,负面
2120,_,很好用,整体,正面
2120,_,很划算,价格,正面
2120,_,太满意了,整体,正面
2121,补水效果,很不错,功效,正面
2122,泡沫,丰富,使用体验,正面
2122,物流,快,物流,正面
2122,_,好,整体,正面
2122,_,干净,功效,正面
2122,_,不是特紧绷,使用体验,正面
2122,_,好评,整体,正面
2123,_,超级好用,整体,正面
2123,_,非常保湿,功效,正面
2123,_,特别好,整体,正面
2123,_,大爱,整体,正面
2124,味道,淡淡的,气味,正面
2124,_,还可以,整体,正面
2124,_,挺好的,整体,正面
2124,_,喜欢,整体,正面
2125,_,好用,整体,正面
2125,_,不紧绷,使用体验,正面
2125,_,很舒服,使用体验,正面
2126,_,不错,整体,正面
2126,_,很好,整体,正面
2127,补水效果,很好,功效,正面
2127,_,是正品,真伪,正面
2128,赠品,没有,价格,负面
2128,_,不开心,整体,负面
2129,_,好用,整体,正面
2130,卸妆,不会去痘痘,功效,正面
2130,价格,不贵,价格,正面
2130,_,不错,整体,正面
2130,_,不会过敏,使用体验,正面
2131,清洁度,中等,功效,正面
2131,_,很柔和舒服,使用体验,正面
2132,_,非常好,整体,正面
2133,_,很好,整体,正面
2133,_,很补水,功效,正面
2134,补水效果,不错,功效,正面
2134,精华,很多,成分,正面
2134,_,不错,整体,正面
2134,_,很服帖,使用体验,正面
2135,服务态度,很好,服务,正面
2135,_,很好用,整体,正面
2136,包装,完好,包装,正面
2136,_,很好用,整体,正面
2137,补水效果,不错,功效,正面
2137,活动,_,价格,正面
2137,_,特别划算,价格,正面
2138,物流,很快,物流,正面
2138,_,很棒,整体,正面
2138,_,棒哒,整体,正面
2139,香味,优然,气味,正面
2139,物流,超快,物流,正面
2139,_,很喜欢,整体,正面
2139,_,提肤色,功效,正面
2139,_,很自然,功效,正面
2139,_,好评,整体,正面
2140,_,喜欢得不得了,整体,正面
2141,_,比较信赖的,整体,正面
2142,物流,很快,物流,正面
2142,_,不错,整体,正面
2143,_,还不错,整体,正面
2143,_,有点干皮肤,使用体验,负面
2144,_,温和型,使用体验,正面
2144,_,很好用,整体,正面
2145,补水效果,非常好,功效,正面
2146,物流,很快,物流,正面
2146,_,还不错,整体,正面
2147,速度,很快,物流,正面
2147,_,不错,整体,正面
2148,包装,不错,包装,正面
2149,保湿,好,功效,正面
2149,_,非常好,整体,正面
2149,_,贴皮肤,功效,正面
2150,赠品,很好,价格,正面
2150,服务,超级贴心,服务,正面
2150,香味,淡淡的,气味,正面
2150,_,蛮保湿的,功效,正面
2151,活动,最合适,价格,正面
2151,_,特别好,整体,正面
2152,包装,挺好的,包装,正面
2153,_,很好用,整体,正面
2153,_,好,整体,正面
2154,补水效果,超好的,功效,正面
2154,_,很好用,整体,正面
2155,_,很好,整体,正面
2156,_,贵了点,价格,负面
2157,_,很好用,整体,正面
2158,商品包装,不太好,包装,负面
2158,快递服务态度,很好,物流,正面
2159,物流,给力,物流,正面
2159,_,很喜欢,整体,正面
2160,补水效果,很好,功效,正面
2161,配送小哥,棒棒哒,物流,正面
2162,_,香香的,气味,正面
2163,_,太香了,气味,负面
2164,价钱,给力,价格,正面
2164,_,非常好,整体,正面
2164,_,优惠,价格,正面
2165,补水,_,功效,正面
2165,_,很补水,功效,正面
2166,_,非常好用,整体,正面
2167,味道,太刺鼻,气味,负面
2167,_,没有泡沫,使用体验,负面
2167,_,不好,整体,负面
2168,_,香香的,气味,正面
2168,_,很细腻,使用体验,正面
2168,_,滑滑的,使用体验,正面
2168,_,很舒服,使用体验,正面
2169,_,不错,整体,正面
2169,_,很实惠,价格,正面
2170,_,不太好洗,整体,负面
2170,_,滑滑的,使用体验,负面
2170,_,没洗干净,功效,正面
2171,_,还可以,整体,正面
2172,快递,真的好快,物流,正面
2173,_,快,物流,正面
2174,_,_,_,_
2175,味道,奇怪的,气味,负面
2175,_,还可以,整体,正面
2176,_,不错,整体,正面
2177,_,一般,整体,中性
2177,_,洗不干净,功效,负面
2178,味道,_,气味,正面
2178,_,超级好用,整体,正面
2179,粉扑,不怎么好,功效,负面
2179,颜色,不是很自然,功效,负面
2179,_,不方便,整体,负面
2180,颜色,不符合,新鲜度,负面
2180,_,还行,整体,正面
2181,延展性,很好,使用体验,正面
2181,气味,不太好闻,气味,负面
2182,_,很好用,整体,正面
2183,_,很好用,整体,正面
2183,_,好评,整体,正面
2184,_,挺便宜的,价格,正面
2185,物流,好快,物流,正面
2186,_,还可以,整体,正面
2186,包装,_,包装,正面
2187,_,挺好的,整体,正面
2188,_,还可以,整体,正面
2189,物流,快,物流,正面
2189,_,是正品,真伪,正面
2190,包装盒,没有,包装,负面
2190,_,还行,整体,正面
2191,送货,到家,物流,正面
2191,快递,快,物流,正面
2192,隔离香味,很喜欢,功效,正面
2192,_,很淡,气味,正面
2193,活动,_,价格,正面
2193,_,挺划算,价格,正面
2193,_,太慢了,物流,正面
2194,发货,很快,物流,正面
2195,性价比,真的高,价格,正面
2195,_,很好用,整体,正面
2195,_,好用,整体,正面
2195,_,不贵,价格,正面
2196,包装,好,包装,正面
2196,物流,快,物流,正面
2196,_,不卡粉,使用体验,正面
2196,_,很润,使用体验,正面
2196,_,很满意,整体,正面
2197,_,适合,整体,正面
2198,_,好贵,价格,负面
2199,味道,好闻,气味,正面
2200,_,不是太好用,整体,负面
2201,发货,快,物流,正面
2201,包装,好看,包装,正面
2201,_,满意,整体,正面
2202,_,很划算,价格,正面
2203,_,还可以,整体,正面
2204,_,很好,整体,正面
2205,包装,一般,包装,负面
2205,_,很精致,整体,正面
2205,质量问题,_,真伪,中性
2206,_,脸红了,整体,正面
2207,味道,还行,气味,正面
2207,_,有泡沫,使用体验,正面
2207,_,不细腻,使用体验,正面
2208,补水,还可以,功效,正面
2208,_,没过敏,使用体验,正面
2208,_,不错,整体,正面
2209,_,不错,整体,正面
2209,_,挺好,整体,正面
2209,_,温和,使用体验,正面
2209,_,不刺激,使用体验,正面
2210,_,非常棒,整体,正面
2211,性价比,挺高的,价格,正面
2211,活动,很便宜,价格,正面
2212,价格,不贵,价格,正面
2212,_,还行,整体,正面
2212,_,经济,价格,正面
2212,_,实惠,价格,正面
2213,_,一直不错,整体,正面
2213,_,不会太白,功效,正面
2213,_,很自然,功效,正面
2214,_,喜欢,整体,正面
2214,_,超级喜欢,整体,正面
2215,_,_,_,_
2216,补水效果,挺不错,功效,正面
2216,_,超级棒,整体,正面
2217,物流,挺快的,物流,正面
2217,_,还不错,整体,正面
2217,_,挺舒服的,使用体验,正面
2218,_,好用,整体,正面
2219,赠品,不错,价格,正面
2219,_,挺好的,整体,正面
2219,_,细腻,使用体验,正面
2219,_,顺滑,使用体验,正面
2219,_,有光泽,使用体验,正面
2220,_,超划算,价格,正面
2220,卖家,_,服务,正面
2220,_,很好,整体,正面
2221,_,不错,整体,正面
2222,_,特别开心,整体,正面
2222,_,特别好用,整体,正面
2222,_,非常满意,整体,正面
2223,客服,_,服务,正面
2224,补水效果,很好,功效,正面
2225,_,有点偏干,使用体验,负面
2225,_,不润,使用体验,负面
2225,_,真好,整体,正面
2226,_,挺好,整体,正面
2226,_,挺适合,整体,正面
2227,_,还可以,整体,正面
2227,_,比较优惠,价格,正面
2228,_,一般,整体,中性
2228,价格,_,价格,正面
2229,_,好评,整体,正面
2229,_,十分满意,整体,正面
2230,_,不错,整体,正面
2230,_,好评,整体,正面
2231,_,挺好的,整体,正面
2232,隔离包装,很好,功效,正面
2232,_,棒棒哒,整体,正面
2232,_,是正品,真伪,正面
2233,_,不错,整体,正面
2233,_,划算,价格,正面
2234,_,很细腻,使用体验,正面
2234,_,不是太白,功效,正面
2235,物流,超快,物流,正面
2235,_,很好用,整体,正面
2236,_,挺显白的,功效,正面
2236,_,不容易推开,使用体验,负面
2237,_,很不错,整体,正面
2237,_,容易推开,使用体验,正面
2237,_,改善肤色,功效,正面
